-- phpMyAdmin SQL Dump
-- version 5.1.2
-- https://www.phpmyadmin.net/
--
-- Host: localhost:3306
-- Generation Time: Mar 20, 2023 at 02:15 PM
-- Server version: 5.7.24
-- PHP Version: 8.2.3

SET SQL_MODE = "NO_AUTO_VALUE_ON_ZERO";
START TRANSACTION;
SET time_zone = "+00:00";


/*!40101 SET @OLD_CHARACTER_SET_CLIENT=@@CHARACTER_SET_CLIENT */;
/*!40101 SET @OLD_CHARACTER_SET_RESULTS=@@CHARACTER_SET_RESULTS */;
/*!40101 SET @OLD_COLLATION_CONNECTION=@@COLLATION_CONNECTION */;
/*!40101 SET NAMES utf8mb4 */;

--
-- Database: `pokedex2`
--

-- --------------------------------------------------------

--
-- Table structure for table `capacite`
--

CREATE TABLE `capacite` (
  `id_capacite` int(11) NOT NULL,
  `libelle_capacite` varchar(50) NOT NULL,
  `pp_capacite` int(11) NOT NULL,
  `puissance_capacite` int(11) DEFAULT NULL,
  `precision_capacite` int(11) NOT NULL,
  `id_type` int(11) NOT NULL
) ENGINE=InnoDB DEFAULT CHARSET=utf8;

--
-- Dumping data for table `capacite`
--

INSERT INTO `capacite` (`id_capacite`, `libelle_capacite`, `pp_capacite`, `puissance_capacite`, `precision_capacite`, `id_type`) VALUES
(1, 'Abîme', 5, NULL, 30, 13),
(2, 'Acid\'armure', 40, NULL, 100, 10),
(3, 'Acide', 30, 40, 100, 10),
(4, 'Adaptation', 40, NULL, 100, 8),
(5, 'Affûtage', 30, NULL, 100, 8),
(6, 'Amnésie', 20, NULL, 100, 11),
(7, 'Armure', 30, NULL, 100, 8),
(8, 'Balayage', 20, 50, 90, 1),
(9, 'Bec Vrille', 20, 80, 100, 15),
(10, 'Bélier', 20, 90, 85, 8),
(11, 'Berceuse', 15, NULL, 55, 8),
(12, 'Blizzard', 5, 120, 90, 6),
(13, 'Bomb\'oeuf', 10, 100, 75, 8),
(14, 'Bouclier', 30, NULL, 100, 11),
(15, 'Boul\'armure', 20, NULL, 100, 8),
(16, 'Brouillard', 20, NULL, 100, 8),
(17, 'Brume', 30, NULL, 100, 6),
(18, 'Buée noire', 30, NULL, 100, 6),
(19, 'Bulles d\'O', 20, 65, 100, 3),
(20, 'Cage éclair', 20, NULL, 100, 4),
(21, 'Cascade', 15, 80, 100, 3),
(22, 'Charge', 35, 35, 85, 8),
(23, 'Choc mental', 25, 50, 100, 11),
(24, 'Claquoir', 10, 35, 75, 3),
(25, 'Clonage', 10, NULL, 100, 8),
(26, 'Combo-griffes', 15, 20, 80, 8),
(27, 'Constriction', 35, 10, 100, 8),
(28, 'Copie', 10, NULL, 100, 8),
(29, 'Coud\'boule', 15, 70, 100, 8),
(30, 'Coud\'krâne', 15, 100, 100, 8),
(31, 'Coupe', 30, 50, 95, 8),
(32, 'Coupe-vent', 10, 80, 75, 8),
(33, 'Croc de mort', 15, 80, 70, 8),
(34, 'Croc fatal', 10, NULL, 90, 8),
(35, 'Croissance', 40, NULL, 100, 8),
(36, 'Cru-aile', 35, 35, 100, 15),
(37, 'Cyclone', 20, NULL, 85, 8),
(38, 'Damoclès', 15, 15, 100, 8),
(39, 'Danse-Flamme', 15, 15, 70, 5),
(40, 'Danse-Fleur', 20, 70, 100, 9),
(41, 'Danse-Lames', 30, NULL, 100, 8),
(42, 'Dard-Nuée', 20, 14, 85, 7),
(43, 'Dard-Venin', 35, 15, 100, 10),
(44, 'Déflagration', 5, 120, 85, 5),
(45, 'Destruction', 5, 260, 100, 8),
(46, 'Détritus', 20, 65, 100, 10),
(47, 'Dévorêve', 15, 100, 100, 11),
(48, 'Double-Dard', 20, 25, 100, 7),
(49, 'Double-Pied', 30, 30, 100, 1),
(50, 'Draco-Rage', 10, 40, 100, 2),
(51, 'Eboulement', 10, 80, 90, 12),
(52, 'Eclair', 30, 40, 100, 4),
(53, 'E-Coque', 10, NULL, 100, 8),
(54, 'Ecrasement', 20, 65, 100, 8),
(55, 'Ecras\'face', 35, 40, 100, 8),
(56, 'Ecume', 30, 20, 100, 3),
(57, 'Empal\'korne', 5, NULL, 30, 8),
(58, 'Entrave', 20, NULL, 55, 8),
(59, 'Etreinte', 20, 15, 75, 8),
(60, 'Explosion', 5, 340, 100, 8),
(61, 'Fatal-Foudre', 10, 120, 70, 4),
(62, 'Flammèches', 25, 40, 100, 5),
(63, 'Flash', 20, NULL, 70, 8),
(64, 'Force', 15, 80, 100, 8),
(65, 'Force-Poigne', 30, 55, 100, 8),
(66, 'Fouet Lianes', 10, 35, 100, 9),
(67, 'Frappe-Atlas', 20, 0, 100, 1),
(68, 'Frénésie', 20, 20, 100, 8),
(69, 'Furie', 20, 15, 85, 8),
(70, 'Gaz Toxik', 40, NULL, 55, 10),
(71, 'Griffe', 35, 40, 100, 8),
(72, 'Grincement', 40, NULL, 85, 8),
(73, 'Grobisou', 10, NULL, 75, 8),
(74, 'Gros\'yeux', 30, NULL, 100, 8),
(75, 'Guillotine', 5, NULL, 30, 8),
(76, 'Hâte', 30, NULL, 100, 11),
(77, 'Hurlement', 20, NULL, 100, 8),
(78, 'Hydrocanon', 5, 120, 80, 3),
(79, 'Hypnose', 20, NULL, 60, 11),
(80, 'Intimidation', 30, NULL, 75, 8),
(81, 'Jackpot', 20, 40, 100, 8),
(82, 'Jet de sable', 15, NULL, 100, 8),
(83, 'Jet de pierres', 15, 50, 75, 12),
(84, 'Koud\'korne', 25, 65, 100, 8),
(85, 'Lance-Flamme', 15, 95, 100, 5),
(86, 'Lance-Soleil', 10, 120, 100, 9),
(87, 'Laser-Glace', 10, 95, 100, 6),
(88, 'Léchouille', 30, 20, 100, 14),
(89, 'Ligotage', 20, 15, 85, 8),
(90, 'Liliput', 20, NULL, 100, 8),
(91, 'Lutte', 1, 100, 100, 8),
(92, 'Mania', 20, 90, 100, 8),
(93, 'Massd\'os', 20, 65, 85, 13),
(94, 'Mawashi Geri', 15, 60, 80, 1),
(95, 'Mega-Sangsue', 10, 40, 100, 9),
(96, 'Météores', 20, 60, 100, 8),
(97, 'Métronome', 10, NULL, 100, 8),
(98, 'Mimique', 20, NULL, 100, 15),
(99, 'Mimi-Queue', 30, NULL, 100, 8),
(100, 'Morphing', 10, NULL, 100, 8),
(101, 'Morsure', 25, 60, 100, 8),
(102, 'Mur Lumière', 30, NULL, 100, 11),
(103, 'Onde Boréale', 20, 65, 100, 6),
(104, 'Onde Folie', 10, NULL, 100, 14),
(105, 'Osmerang', 10, 50, 90, 13),
(106, 'Paraspore', 30, NULL, 75, 9),
(107, 'Patience', 10, NULL, 100, 8),
(108, 'Picanon', 15, 20, 100, 8),
(109, 'Picpic', 35, 35, 100, 15),
(110, 'Pied Sauté', 25, 70, 95, 1),
(111, 'Pied Voltige', 20, 85, 90, 1),
(112, 'Pilonnage', 20, 15, 85, 8),
(113, 'Pince-Masse', 10, 90, 85, 3),
(114, 'Piqué', 5, 140, 90, 15),
(115, 'Pistolet à O', 20, 40, 100, 3),
(116, 'Plaquage', 15, 85, 100, 8),
(117, 'Poing Comète', 15, 18, 85, 8),
(118, 'Poing de Feu', 15, 75, 100, 5),
(119, 'Poing Karaté', 25, 50, 100, 1),
(120, 'Poing Eclair', 15, 75, 100, 4),
(121, 'Poing Glace', 15, 75, 100, 6),
(122, 'Poudre Dodo', 15, NULL, 75, 9),
(123, 'Poudre Toxik', 35, NULL, 75, 10),
(124, 'Protection', 20, NULL, 100, 11),
(125, 'Psyko', 10, 90, 100, 11),
(126, 'Puissance', 30, NULL, 100, 8),
(127, 'Purédpois', 20, 20, 70, 10),
(128, 'Rafale Psy', 20, 65, 100, 11),
(129, 'Reflet', 15, NULL, 100, 8),
(130, 'Repli', 40, NULL, 100, 3),
(131, 'Repos', 10, NULL, 100, 11),
(132, 'Riposte', 20, NULL, 100, 1),
(133, 'Rugissement', 10, NULL, 100, 8),
(134, 'Sacrifice', 25, 80, 80, 1),
(135, 'Sécrétion', 40, NULL, 95, 7),
(136, 'Séisme', 10, 100, 100, 13),
(137, 'Soin', 10, NULL, 100, 8),
(138, 'Sonicboom', 20, 20, 100, 8),
(139, 'Souplesse', 20, 80, 75, 8),
(140, 'Spore', 15, NULL, 100, 9),
(141, 'Surf', 15, 95, 100, 3),
(142, 'Télékinésie', 15, NULL, 75, 11),
(143, 'Téléport', 20, NULL, 100, 11),
(144, 'Ténèbres', 15, 0, 100, 14),
(145, 'Tonnerre', 15, 95, 100, 4),
(146, 'Torgnoles', 10, 15, 85, 8),
(147, 'Tornade', 35, 40, 100, 15),
(148, 'Toxik', 10, NULL, 85, 10),
(149, 'Tranche', 20, 70, 100, 8),
(150, 'Tranch\'herbe', 25, 55, 95, 9),
(151, 'Trempette', 40, NULL, 100, 3),
(152, 'Triplattaque', 10, 80, 100, 8),
(153, 'Tunnel', 10, 100, 100, 13),
(154, 'Ultimapoing', 20, 80, 85, 8),
(155, 'Ultimawashi', 5, 120, 75, 8),
(156, 'Ultralaser', 5, 120, 90, 8),
(157, 'Ultrason', 20, NULL, 55, 8),
(158, 'Uppercut', 10, 70, 100, 8),
(159, 'Vague Psy', 15, NULL, 80, 11),
(160, 'Vampigraine', 10, NULL, 90, 9),
(161, 'Vampirisme', 15, 20, 100, 7),
(162, 'Vive Attaque', 30, 40, 100, 8),
(163, 'Vol', 15, 70, 95, 15),
(164, 'Vol-vie', 20, 20, 100, 9),
(165, 'Yoga', 40, NULL, 100, 11);

-- --------------------------------------------------------

--
-- Table structure for table `dresseur`
--

CREATE TABLE `dresseur` (
  `id_dresseur` int(11) NOT NULL,
  `nom_dresseur` varchar(20) NOT NULL,
  `mdp_dresseur` varchar(20) NOT NULL
) ENGINE=InnoDB DEFAULT CHARSET=utf8;

--
-- Dumping data for table `dresseur`
--

INSERT INTO `dresseur` (`id_dresseur`, `nom_dresseur`, `mdp_dresseur`) VALUES
(1, 'Sacha', 'meilleurDresseur'),
(2, 'Pierre', 'onyxForever'),
(3, 'Ondine', 'attraperLesTous'),
(4, 'Fan', 'euhhh');

-- --------------------------------------------------------

--
-- Table structure for table `esttype`
--

CREATE TABLE `esttype` (
  `id_pokemon` int(11) NOT NULL,
  `id_type` int(11) NOT NULL
) ENGINE=InnoDB DEFAULT CHARSET=utf8;

--
-- Dumping data for table `esttype`
--

INSERT INTO `esttype` (`id_pokemon`, `id_type`) VALUES
(56, 1),
(57, 1),
(62, 1),
(66, 1),
(67, 1),
(68, 1),
(106, 1),
(107, 1),
(147, 2),
(148, 2),
(149, 2),
(7, 3),
(8, 3),
(9, 3),
(54, 3),
(55, 3),
(60, 3),
(61, 3),
(62, 3),
(72, 3),
(73, 3),
(79, 3),
(80, 3),
(86, 3),
(87, 3),
(90, 3),
(91, 3),
(98, 3),
(99, 3),
(116, 3),
(117, 3),
(118, 3),
(119, 3),
(120, 3),
(121, 3),
(129, 3),
(130, 3),
(131, 3),
(134, 3),
(138, 3),
(139, 3),
(140, 3),
(141, 3),
(25, 4),
(26, 4),
(81, 4),
(82, 4),
(100, 4),
(101, 4),
(125, 4),
(135, 4),
(145, 4),
(4, 5),
(5, 5),
(6, 5),
(37, 5),
(38, 5),
(58, 5),
(59, 5),
(77, 5),
(78, 5),
(126, 5),
(136, 5),
(146, 5),
(87, 6),
(91, 6),
(124, 6),
(131, 6),
(144, 6),
(10, 7),
(11, 7),
(12, 7),
(13, 7),
(14, 7),
(15, 7),
(46, 7),
(47, 7),
(48, 7),
(49, 7),
(123, 7),
(127, 7),
(16, 8),
(17, 8),
(18, 8),
(19, 8),
(20, 8),
(21, 8),
(22, 8),
(35, 8),
(36, 8),
(39, 8),
(40, 8),
(52, 8),
(53, 8),
(83, 8),
(84, 8),
(85, 8),
(108, 8),
(113, 8),
(115, 8),
(128, 8),
(132, 8),
(133, 8),
(137, 8),
(143, 8),
(1, 9),
(2, 9),
(3, 9),
(43, 9),
(44, 9),
(45, 9),
(46, 9),
(47, 9),
(69, 9),
(70, 9),
(71, 9),
(102, 9),
(103, 9),
(114, 9),
(1, 10),
(2, 10),
(3, 10),
(13, 10),
(14, 10),
(15, 10),
(23, 10),
(24, 10),
(29, 10),
(30, 10),
(31, 10),
(32, 10),
(33, 10),
(34, 10),
(41, 10),
(42, 10),
(43, 10),
(44, 10),
(45, 10),
(48, 10),
(49, 10),
(69, 10),
(70, 10),
(71, 10),
(72, 10),
(73, 10),
(88, 10),
(89, 10),
(92, 10),
(93, 10),
(94, 10),
(109, 10),
(110, 10),
(63, 11),
(64, 11),
(65, 11),
(79, 11),
(80, 11),
(96, 11),
(97, 11),
(102, 11),
(103, 11),
(121, 11),
(122, 11),
(124, 11),
(150, 11),
(151, 11),
(74, 12),
(75, 12),
(76, 12),
(95, 12),
(111, 12),
(112, 12),
(138, 12),
(139, 12),
(140, 12),
(141, 12),
(142, 12),
(27, 13),
(28, 13),
(31, 13),
(34, 13),
(50, 13),
(51, 13),
(74, 13),
(75, 13),
(76, 13),
(95, 13),
(104, 13),
(105, 13),
(111, 13),
(112, 13),
(92, 14),
(93, 14),
(94, 14),
(6, 15),
(12, 15),
(16, 15),
(17, 15),
(18, 15),
(21, 15),
(22, 15),
(41, 15),
(42, 15),
(83, 15),
(84, 15),
(85, 15),
(123, 15),
(130, 15),
(142, 15),
(144, 15),
(145, 15),
(146, 15),
(149, 15);

-- --------------------------------------------------------

--
-- Table structure for table `evolue`
--

CREATE TABLE `evolue` (
  `id_pokemon_base` int(11) NOT NULL,
  `id_pokemon_evolue` int(11) NOT NULL,
  `niveau` int(11) NOT NULL
) ENGINE=InnoDB DEFAULT CHARSET=utf8;

--
-- Dumping data for table `evolue`
--

INSERT INTO `evolue` (`id_pokemon_base`, `id_pokemon_evolue`, `niveau`) VALUES
(1, 2, 16),
(2, 3, 32),
(4, 5, 16),
(5, 6, 36),
(7, 8, 16),
(8, 9, 36),
(10, 11, 7),
(11, 12, 10),
(13, 14, 7),
(14, 15, 10),
(16, 17, 18),
(17, 18, 36),
(19, 20, 20),
(21, 22, 20),
(23, 24, 22),
(25, 26, -1),
(27, 28, 22),
(29, 30, 16),
(30, 31, -1),
(32, 33, 16),
(33, 34, -1),
(35, 36, -1),
(37, 38, -1),
(39, 40, -1),
(41, 42, 22),
(43, 44, 21),
(44, 45, -1),
(46, 47, 24),
(48, 49, 31),
(50, 51, 26),
(52, 53, 28),
(54, 55, 33),
(56, 57, 28),
(58, 59, -1),
(60, 61, 25),
(61, 62, -1),
(63, 64, 16),
(64, 65, -2),
(66, 67, 28),
(67, 68, -2),
(69, 70, 21),
(70, 71, -1),
(72, 73, 30),
(74, 75, 25),
(75, 76, -2),
(77, 78, 40),
(79, 80, 37),
(81, 82, 30),
(84, 85, 31),
(86, 87, 34),
(88, 89, 38),
(90, 91, -1),
(92, 93, 25),
(93, 94, -2),
(96, 97, 26),
(98, 99, 28),
(100, 101, 30),
(102, 103, -1),
(104, 105, 28),
(109, 110, 35),
(111, 112, 42),
(116, 117, 32),
(118, 119, 33),
(120, 121, -1),
(129, 130, 20),
(133, 134, -1),
(133, 135, -1),
(133, 136, -1),
(138, 139, 40),
(140, 141, 40),
(147, 148, 30),
(148, 149, 55);

-- --------------------------------------------------------

--
-- Table structure for table `image`
--

CREATE TABLE `image` (
  `id_image` int(11) NOT NULL,
  `chemin` varchar(250) NOT NULL,
  `id_pokemon` int(11) NOT NULL
) ENGINE=InnoDB DEFAULT CHARSET=utf8;

--
-- Dumping data for table `image`
--

INSERT INTO `image` (`id_image`, `chemin`, `id_pokemon`) VALUES
(1, 'images/pokemon/1.png', 1),
(2, 'images/pokemon/2.png', 2),
(3, 'images/pokemon/3.png', 3),
(4, 'images/pokemon/4.png', 4),
(5, 'images/pokemon/5.png', 5),
(6, 'images/pokemon/6.png', 6),
(7, 'images/pokemon/7.png', 7),
(8, 'images/pokemon/8.png', 8),
(9, 'images/pokemon/9.png', 9),
(10, 'images/pokemon/10.png', 10),
(11, 'images/pokemon/11.png', 11),
(12, 'images/pokemon/12.png', 12),
(13, 'images/pokemon/13.png', 13),
(14, 'images/pokemon/14.png', 14),
(15, 'images/pokemon/15.png', 15),
(16, 'images/pokemon/16.png', 16),
(17, 'images/pokemon/17.png', 17),
(18, 'images/pokemon/18.png', 18),
(19, 'images/pokemon/19.png', 19),
(20, 'images/pokemon/20.png', 20),
(21, 'images/pokemon/21.png', 21),
(22, 'images/pokemon/22.png', 22),
(23, 'images/pokemon/23.png', 23),
(24, 'images/pokemon/24.png', 24),
(25, 'images/pokemon/25.png', 25),
(26, 'images/pokemon/26.png', 26),
(27, 'images/pokemon/27.png', 27),
(28, 'images/pokemon/28.png', 28),
(29, 'images/pokemon/29.png', 29),
(30, 'images/pokemon/30.png', 30),
(31, 'images/pokemon/31.png', 31),
(32, 'images/pokemon/32.png', 32),
(33, 'images/pokemon/33.png', 33),
(34, 'images/pokemon/34.png', 34),
(35, 'images/pokemon/35.png', 35),
(36, 'images/pokemon/36.png', 36),
(37, 'images/pokemon/37.png', 37),
(38, 'images/pokemon/38.png', 38),
(39, 'images/pokemon/39.png', 39),
(40, 'images/pokemon/40.png', 40),
(41, 'images/pokemon/41.png', 41),
(42, 'images/pokemon/42.png', 42),
(43, 'images/pokemon/43.png', 43),
(44, 'images/pokemon/44.png', 44),
(45, 'images/pokemon/45.png', 45),
(46, 'images/pokemon/46.png', 46),
(47, 'images/pokemon/47.png', 47),
(48, 'images/pokemon/48.png', 48),
(49, 'images/pokemon/49.png', 49),
(50, 'images/pokemon/50.png', 50),
(51, 'images/pokemon/51.png', 51),
(52, 'images/pokemon/52.png', 52),
(53, 'images/pokemon/53.png', 53),
(54, 'images/pokemon/54.png', 54),
(55, 'images/pokemon/55.png', 55),
(56, 'images/pokemon/56.png', 56),
(57, 'images/pokemon/57.png', 57),
(58, 'images/pokemon/58.png', 58),
(59, 'images/pokemon/59.png', 59),
(60, 'images/pokemon/60.png', 60),
(61, 'images/pokemon/61.png', 61),
(62, 'images/pokemon/62.png', 62),
(63, 'images/pokemon/63.png', 63),
(64, 'images/pokemon/64.png', 64),
(65, 'images/pokemon/65.png', 65),
(66, 'images/pokemon/66.png', 66),
(67, 'images/pokemon/67.png', 67),
(68, 'images/pokemon/68.png', 68),
(69, 'images/pokemon/69.png', 69),
(70, 'images/pokemon/70.png', 70),
(71, 'images/pokemon/71.png', 71),
(72, 'images/pokemon/72.png', 72),
(73, 'images/pokemon/73.png', 73),
(74, 'images/pokemon/74.png', 74),
(75, 'images/pokemon/75.png', 75),
(76, 'images/pokemon/76.png', 76),
(77, 'images/pokemon/77.png', 77),
(78, 'images/pokemon/78.png', 78),
(79, 'images/pokemon/79.png', 79),
(80, 'images/pokemon/80.png', 80),
(81, 'images/pokemon/81.png', 81),
(82, 'images/pokemon/82.png', 82),
(83, 'images/pokemon/83.png', 83),
(84, 'images/pokemon/84.png', 84),
(85, 'images/pokemon/85.png', 85),
(86, 'images/pokemon/86.png', 86),
(87, 'images/pokemon/87.png', 87),
(88, 'images/pokemon/88.png', 88),
(89, 'images/pokemon/89.png', 89),
(90, 'images/pokemon/90.png', 90),
(91, 'images/pokemon/91.png', 91),
(92, 'images/pokemon/92.png', 92),
(93, 'images/pokemon/93.png', 93),
(94, 'images/pokemon/94.png', 94),
(95, 'images/pokemon/95.png', 95),
(96, 'images/pokemon/96.png', 96),
(97, 'images/pokemon/97.png', 97),
(98, 'images/pokemon/98.png', 98),
(99, 'images/pokemon/99.png', 99),
(100, 'images/pokemon/110.png', 110),
(101, 'images/pokemon/111.png', 111),
(102, 'images/pokemon/112.png', 112),
(103, 'images/pokemon/113.png', 113),
(104, 'images/pokemon/114.png', 114),
(105, 'images/pokemon/115.png', 115),
(106, 'images/pokemon/116.png', 116),
(107, 'images/pokemon/117.png', 117),
(108, 'images/pokemon/118.png', 118),
(109, 'images/pokemon/119.png', 119),
(110, 'images/pokemon/120.png', 120),
(111, 'images/pokemon/121.png', 121),
(112, 'images/pokemon/122.png', 122),
(113, 'images/pokemon/123.png', 123),
(114, 'images/pokemon/124.png', 124),
(115, 'images/pokemon/125.png', 125),
(116, 'images/pokemon/126.png', 126),
(117, 'images/pokemon/127.png', 127),
(118, 'images/pokemon/128.png', 128),
(119, 'images/pokemon/129.png', 129),
(120, 'images/pokemon/130.png', 130),
(121, 'images/pokemon/131.png', 131),
(122, 'images/pokemon/132.png', 132),
(123, 'images/pokemon/133.png', 133),
(124, 'images/pokemon/134.png', 134),
(125, 'images/pokemon/135.png', 135),
(126, 'images/pokemon/136.png', 136),
(127, 'images/pokemon/137.png', 137),
(128, 'images/pokemon/138.png', 138),
(129, 'images/pokemon/139.png', 139),
(130, 'images/pokemon/140.png', 140),
(131, 'images/pokemon/141.png', 141),
(132, 'images/pokemon/142.png', 142),
(133, 'images/pokemon/143.png', 143),
(134, 'images/pokemon/144.png', 144),
(135, 'images/pokemon/145.png', 145),
(136, 'images/pokemon/146.png', 146),
(137, 'images/pokemon/147.png', 147),
(138, 'images/pokemon/148.png', 148),
(139, 'images/pokemon/149.png', 149),
(140, 'images/pokemon/150.png', 150),
(141, 'images/pokemon/151.png', 151),
(142, 'images/pokemon_sugimori/1.png', 1),
(143, 'images/pokemon_sugimori/2.png', 2),
(144, 'images/pokemon_sugimori/3.png', 3),
(145, 'images/pokemon_sugimori/4.png', 4),
(146, 'images/pokemon_sugimori/5.png', 5),
(147, 'images/pokemon_sugimori/6.png', 6),
(148, 'images/pokemon_sugimori/7.png', 7),
(149, 'images/pokemon_sugimori/8.png', 8),
(150, 'images/pokemon_sugimori/9.png', 9),
(151, 'images/pokemon_sugimori/10.png', 10),
(152, 'images/pokemon_sugimori/11.png', 11),
(153, 'images/pokemon_sugimori/12.png', 12),
(154, 'images/pokemon_sugimori/13.png', 13),
(155, 'images/pokemon_sugimori/14.png', 14),
(156, 'images/pokemon_sugimori/15.png', 15),
(157, 'images/pokemon_sugimori/16.png', 16),
(158, 'images/pokemon_sugimori/17.png', 17),
(159, 'images/pokemon_sugimori/18.png', 18),
(160, 'images/pokemon_sugimori/19.png', 19),
(161, 'images/pokemon_sugimori/20.png', 20),
(162, 'images/pokemon_sugimori/21.png', 21),
(163, 'images/pokemon_sugimori/22.png', 22),
(164, 'images/pokemon_sugimori/23.png', 23),
(165, 'images/pokemon_sugimori/24.png', 24),
(166, 'images/pokemon_sugimori/25.png', 25),
(167, 'images/pokemon_sugimori/26.png', 26),
(168, 'images/pokemon_sugimori/27.png', 27),
(169, 'images/pokemon_sugimori/28.png', 28),
(170, 'images/pokemon_sugimori/29.png', 29),
(171, 'images/pokemon_sugimori/30.png', 30),
(172, 'images/pokemon_sugimori/31.png', 31),
(173, 'images/pokemon_sugimori/32.png', 32),
(174, 'images/pokemon_sugimori/33.png', 33),
(175, 'images/pokemon_sugimori/34.png', 34),
(176, 'images/pokemon_sugimori/35.png', 35),
(177, 'images/pokemon_sugimori/36.png', 36),
(178, 'images/pokemon_sugimori/37.png', 37),
(179, 'images/pokemon_sugimori/38.png', 38),
(180, 'images/pokemon_sugimori/39.png', 39),
(181, 'images/pokemon_sugimori/40.png', 40),
(182, 'images/pokemon_sugimori/41.png', 41),
(183, 'images/pokemon_sugimori/42.png', 42),
(184, 'images/pokemon_sugimori/43.png', 43),
(185, 'images/pokemon_sugimori/44.png', 44),
(186, 'images/pokemon_sugimori/45.png', 45),
(187, 'images/pokemon_sugimori/46.png', 46),
(188, 'images/pokemon_sugimori/47.png', 47),
(189, 'images/pokemon_sugimori/48.png', 48),
(190, 'images/pokemon_sugimori/49.png', 49),
(191, 'images/pokemon_sugimori/50.png', 50),
(192, 'images/pokemon_sugimori/51.png', 51),
(193, 'images/pokemon_sugimori/52.png', 52),
(194, 'images/pokemon_sugimori/53.png', 53),
(195, 'images/pokemon_sugimori/54.png', 54),
(196, 'images/pokemon_sugimori/55.png', 55),
(197, 'images/pokemon_sugimori/56.png', 56),
(198, 'images/pokemon_sugimori/57.png', 57),
(199, 'images/pokemon_sugimori/58.png', 58),
(200, 'images/pokemon_sugimori/59.png', 59),
(201, 'images/pokemon_sugimori/60.png', 60),
(202, 'images/pokemon_sugimori/61.png', 61),
(203, 'images/pokemon_sugimori/62.png', 62),
(204, 'images/pokemon_sugimori/63.png', 63),
(205, 'images/pokemon_sugimori/64.png', 64),
(206, 'images/pokemon_sugimori/65.png', 65),
(207, 'images/pokemon_sugimori/66.png', 66),
(208, 'images/pokemon_sugimori/67.png', 67),
(209, 'images/pokemon_sugimori/68.png', 68),
(210, 'images/pokemon_sugimori/69.png', 69),
(211, 'images/pokemon_sugimori/70.png', 70),
(212, 'images/pokemon_sugimori/71.png', 71),
(213, 'images/pokemon_sugimori/72.png', 72),
(214, 'images/pokemon_sugimori/73.png', 73),
(215, 'images/pokemon_sugimori/74.png', 74),
(216, 'images/pokemon_sugimori/75.png', 75),
(217, 'images/pokemon_sugimori/76.png', 76),
(218, 'images/pokemon_sugimori/77.png', 77),
(219, 'images/pokemon_sugimori/78.png', 78),
(220, 'images/pokemon_sugimori/79.png', 79),
(221, 'images/pokemon_sugimori/80.png', 80),
(222, 'images/pokemon_sugimori/81.png', 81),
(223, 'images/pokemon_sugimori/82.png', 82),
(224, 'images/pokemon_sugimori/83.png', 83),
(225, 'images/pokemon_sugimori/84.png', 84),
(226, 'images/pokemon_sugimori/85.png', 85),
(227, 'images/pokemon_sugimori/86.png', 86),
(228, 'images/pokemon_sugimori/87.png', 87),
(229, 'images/pokemon_sugimori/88.png', 88),
(230, 'images/pokemon_sugimori/89.png', 89),
(231, 'images/pokemon_sugimori/90.png', 90),
(232, 'images/pokemon_sugimori/91.png', 91),
(233, 'images/pokemon_sugimori/92.png', 92),
(234, 'images/pokemon_sugimori/93.png', 93),
(235, 'images/pokemon_sugimori/94.png', 94),
(236, 'images/pokemon_sugimori/95.png', 95),
(237, 'images/pokemon_sugimori/96.png', 96),
(238, 'images/pokemon_sugimori/97.png', 97),
(239, 'images/pokemon_sugimori/98.png', 98),
(240, 'images/pokemon_sugimori/99.png', 99),
(241, 'images/pokemon_sugimori/110.png', 110),
(242, 'images/pokemon_sugimori/111.png', 111),
(243, 'images/pokemon_sugimori/112.png', 112),
(244, 'images/pokemon_sugimori/113.png', 113),
(245, 'images/pokemon_sugimori/114.png', 114),
(246, 'images/pokemon_sugimori/115.png', 115),
(247, 'images/pokemon_sugimori/116.png', 116),
(248, 'images/pokemon_sugimori/117.png', 117),
(249, 'images/pokemon_sugimori/118.png', 118),
(250, 'images/pokemon_sugimori/119.png', 119),
(251, 'images/pokemon_sugimori/120.png', 120),
(252, 'images/pokemon_sugimori/121.png', 121),
(253, 'images/pokemon_sugimori/122.png', 122),
(254, 'images/pokemon_sugimori/123.png', 123),
(255, 'images/pokemon_sugimori/124.png', 124),
(256, 'images/pokemon_sugimori/125.png', 125),
(257, 'images/pokemon_sugimori/126.png', 126),
(258, 'images/pokemon_sugimori/127.png', 127),
(259, 'images/pokemon_sugimori/128.png', 128),
(260, 'images/pokemon_sugimori/129.png', 129),
(261, 'images/pokemon_sugimori/130.png', 130),
(262, 'images/pokemon_sugimori/131.png', 131),
(263, 'images/pokemon_sugimori/132.png', 132),
(264, 'images/pokemon_sugimori/133.png', 133),
(265, 'images/pokemon_sugimori/134.png', 134),
(266, 'images/pokemon_sugimori/135.png', 135),
(267, 'images/pokemon_sugimori/136.png', 136),
(268, 'images/pokemon_sugimori/137.png', 137),
(269, 'images/pokemon_sugimori/138.png', 138),
(270, 'images/pokemon_sugimori/139.png', 139),
(271, 'images/pokemon_sugimori/140.png', 140),
(272, 'images/pokemon_sugimori/141.png', 141),
(273, 'images/pokemon_sugimori/142.png', 142),
(274, 'images/pokemon_sugimori/143.png', 143),
(275, 'images/pokemon_sugimori/144.png', 144),
(276, 'images/pokemon_sugimori/145.png', 145),
(277, 'images/pokemon_sugimori/146.png', 146),
(278, 'images/pokemon_sugimori/147.png', 147),
(279, 'images/pokemon_sugimori/148.png', 148),
(280, 'images/pokemon_sugimori/149.png', 149),
(281, 'images/pokemon_sugimori/150.png', 150),
(282, 'images/pokemon_sugimori/151.png', 151),
(283, 'images/pokemon_sugimori/100.png', 100),
(284, 'images/pokemon_sugimori/101.png', 101),
(285, 'images/pokemon_sugimori/102.png', 102),
(286, 'images/pokemon_sugimori/103.png', 103),
(287, 'images/pokemon_sugimori/104.png', 104),
(288, 'images/pokemon_sugimori/105.png', 105),
(289, 'images/pokemon_sugimori/106.png', 106),
(290, 'images/pokemon_sugimori/107.png', 107),
(291, 'images/pokemon_sugimori/108.png', 108),
(292, 'images/pokemon_sugimori/109.png', 109),
(293, 'images/pokemon/100.png', 100),
(294, 'images/pokemon/101.png', 101),
(295, 'images/pokemon/102.png', 102),
(296, 'images/pokemon/103.png', 103),
(297, 'images/pokemon/104.png', 104),
(298, 'images/pokemon/105.png', 105),
(299, 'images/pokemon/106.png', 106),
(300, 'images/pokemon/107.png', 107),
(301, 'images/pokemon/108.png', 108),
(302, 'images/pokemon/109.png', 109),
(303, 'images/pokemon_sugimori_shiny/1.png', 1),
(304, 'images/pokemon_sugimori_shiny/2.png', 2),
(305, 'images/pokemon_sugimori_shiny/3.png', 3),
(306, 'images/pokemon_sugimori_shiny/4.png', 4),
(307, 'images/pokemon_sugimori_shiny/5.png', 5),
(308, 'images/pokemon_sugimori_shiny/6.png', 6),
(309, 'images/pokemon_sugimori_shiny/7.png', 7),
(310, 'images/pokemon_sugimori_shiny/8.png', 8),
(311, 'images/pokemon_sugimori_shiny/9.png', 9),
(312, 'images/pokemon_sugimori_shiny/10.png', 10),
(313, 'images/pokemon_sugimori_shiny/11.png', 11),
(314, 'images/pokemon_sugimori_shiny/12.png', 12),
(315, 'images/pokemon_sugimori_shiny/13.png', 13),
(316, 'images/pokemon_sugimori_shiny/14.png', 14),
(317, 'images/pokemon_sugimori_shiny/15.png', 15),
(318, 'images/pokemon_sugimori_shiny/16.png', 16),
(319, 'images/pokemon_sugimori_shiny/17.png', 17),
(320, 'images/pokemon_sugimori_shiny/18.png', 18),
(321, 'images/pokemon_sugimori_shiny/19.png', 19),
(322, 'images/pokemon_sugimori_shiny/20.png', 20),
(323, 'images/pokemon_sugimori_shiny/21.png', 21),
(324, 'images/pokemon_sugimori_shiny/22.png', 22),
(325, 'images/pokemon_sugimori_shiny/23.png', 23),
(326, 'images/pokemon_sugimori_shiny/24.png', 24),
(327, 'images/pokemon_sugimori_shiny/25.png', 25),
(328, 'images/pokemon_sugimori_shiny/26.png', 26),
(329, 'images/pokemon_sugimori_shiny/27.png', 27),
(330, 'images/pokemon_sugimori_shiny/28.png', 28),
(331, 'images/pokemon_sugimori_shiny/29.png', 29),
(332, 'images/pokemon_sugimori_shiny/30.png', 30),
(333, 'images/pokemon_sugimori_shiny/31.png', 31),
(334, 'images/pokemon_sugimori_shiny/32.png', 32),
(335, 'images/pokemon_sugimori_shiny/33.png', 33),
(336, 'images/pokemon_sugimori_shiny/34.png', 34),
(337, 'images/pokemon_sugimori_shiny/35.png', 35),
(338, 'images/pokemon_sugimori_shiny/36.png', 36),
(339, 'images/pokemon_sugimori_shiny/37.png', 37),
(340, 'images/pokemon_sugimori_shiny/38.png', 38),
(341, 'images/pokemon_sugimori_shiny/39.png', 39),
(342, 'images/pokemon_sugimori_shiny/40.png', 40),
(343, 'images/pokemon_sugimori_shiny/41.png', 41),
(344, 'images/pokemon_sugimori_shiny/42.png', 42),
(345, 'images/pokemon_sugimori_shiny/43.png', 43),
(346, 'images/pokemon_sugimori_shiny/44.png', 44),
(347, 'images/pokemon_sugimori_shiny/45.png', 45),
(348, 'images/pokemon_sugimori_shiny/46.png', 46),
(349, 'images/pokemon_sugimori_shiny/47.png', 47),
(350, 'images/pokemon_sugimori_shiny/48.png', 48),
(351, 'images/pokemon_sugimori_shiny/49.png', 49),
(352, 'images/pokemon_sugimori_shiny/50.png', 50),
(353, 'images/pokemon_sugimori_shiny/51.png', 51),
(354, 'images/pokemon_sugimori_shiny/52.png', 52),
(355, 'images/pokemon_sugimori_shiny/53.png', 53),
(356, 'images/pokemon_sugimori_shiny/54.png', 54),
(357, 'images/pokemon_sugimori_shiny/55.png', 55),
(358, 'images/pokemon_sugimori_shiny/56.png', 56),
(359, 'images/pokemon_sugimori_shiny/57.png', 57),
(360, 'images/pokemon_sugimori_shiny/58.png', 58),
(361, 'images/pokemon_sugimori_shiny/59.png', 59),
(362, 'images/pokemon_sugimori_shiny/60.png', 60),
(363, 'images/pokemon_sugimori_shiny/61.png', 61),
(364, 'images/pokemon_sugimori_shiny/62.png', 62),
(365, 'images/pokemon_sugimori_shiny/63.png', 63),
(366, 'images/pokemon_sugimori_shiny/64.png', 64),
(367, 'images/pokemon_sugimori_shiny/65.png', 65),
(368, 'images/pokemon_sugimori_shiny/66.png', 66),
(369, 'images/pokemon_sugimori_shiny/67.png', 67),
(370, 'images/pokemon_sugimori_shiny/68.png', 68),
(371, 'images/pokemon_sugimori_shiny/69.png', 69),
(372, 'images/pokemon_sugimori_shiny/70.png', 70),
(373, 'images/pokemon_sugimori_shiny/71.png', 71),
(374, 'images/pokemon_sugimori_shiny/72.png', 72),
(375, 'images/pokemon_sugimori_shiny/73.png', 73),
(376, 'images/pokemon_sugimori_shiny/74.png', 74),
(377, 'images/pokemon_sugimori_shiny/75.png', 75),
(378, 'images/pokemon_sugimori_shiny/76.png', 76),
(379, 'images/pokemon_sugimori_shiny/77.png', 77),
(380, 'images/pokemon_sugimori_shiny/78.png', 78),
(381, 'images/pokemon_sugimori_shiny/79.png', 79),
(382, 'images/pokemon_sugimori_shiny/80.png', 80),
(383, 'images/pokemon_sugimori_shiny/81.png', 81),
(384, 'images/pokemon_sugimori_shiny/82.png', 82),
(385, 'images/pokemon_sugimori_shiny/83.png', 83),
(386, 'images/pokemon_sugimori_shiny/84.png', 84),
(387, 'images/pokemon_sugimori_shiny/85.png', 85),
(388, 'images/pokemon_sugimori_shiny/86.png', 86),
(389, 'images/pokemon_sugimori_shiny/87.png', 87),
(390, 'images/pokemon_sugimori_shiny/88.png', 88),
(391, 'images/pokemon_sugimori_shiny/89.png', 89),
(392, 'images/pokemon_sugimori_shiny/90.png', 90),
(393, 'images/pokemon_sugimori_shiny/91.png', 91),
(394, 'images/pokemon_sugimori_shiny/92.png', 92),
(395, 'images/pokemon_sugimori_shiny/93.png', 93),
(396, 'images/pokemon_sugimori_shiny/94.png', 94),
(397, 'images/pokemon_sugimori_shiny/95.png', 95),
(398, 'images/pokemon_sugimori_shiny/96.png', 96),
(399, 'images/pokemon_sugimori_shiny/97.png', 97),
(400, 'images/pokemon_sugimori_shiny/98.png', 98),
(401, 'images/pokemon_sugimori_shiny/99.png', 99),
(402, 'images/pokemon_sugimori_shiny/100.png', 100),
(403, 'images/pokemon_sugimori_shiny/101.png', 101),
(404, 'images/pokemon_sugimori_shiny/102.png', 102),
(405, 'images/pokemon_sugimori_shiny/103.png', 103),
(406, 'images/pokemon_sugimori_shiny/104.png', 104),
(407, 'images/pokemon_sugimori_shiny/105.png', 105),
(408, 'images/pokemon_sugimori_shiny/106.png', 106),
(409, 'images/pokemon_sugimori_shiny/107.png', 107),
(410, 'images/pokemon_sugimori_shiny/108.png', 108),
(411, 'images/pokemon_sugimori_shiny/109.png', 109),
(412, 'images/pokemon_sugimori_shiny/110.png', 110),
(413, 'images/pokemon_sugimori_shiny/111.png', 111),
(414, 'images/pokemon_sugimori_shiny/112.png', 112),
(415, 'images/pokemon_sugimori_shiny/113.png', 113),
(416, 'images/pokemon_sugimori_shiny/114.png', 114),
(417, 'images/pokemon_sugimori_shiny/115.png', 115),
(418, 'images/pokemon_sugimori_shiny/116.png', 116),
(419, 'images/pokemon_sugimori_shiny/117.png', 117),
(420, 'images/pokemon_sugimori_shiny/118.png', 118),
(421, 'images/pokemon_sugimori_shiny/119.png', 119),
(422, 'images/pokemon_sugimori_shiny/120.png', 120),
(423, 'images/pokemon_sugimori_shiny/121.png', 121),
(424, 'images/pokemon_sugimori_shiny/122.png', 122),
(425, 'images/pokemon_sugimori_shiny/123.png', 123),
(426, 'images/pokemon_sugimori_shiny/124.png', 124),
(427, 'images/pokemon_sugimori_shiny/125.png', 125),
(428, 'images/pokemon_sugimori_shiny/126.png', 126),
(429, 'images/pokemon_sugimori_shiny/127.png', 127),
(430, 'images/pokemon_sugimori_shiny/128.png', 128),
(431, 'images/pokemon_sugimori_shiny/129.png', 129),
(432, 'images/pokemon_sugimori_shiny/130.png', 130),
(433, 'images/pokemon_sugimori_shiny/131.png', 131),
(434, 'images/pokemon_sugimori_shiny/132.png', 132),
(435, 'images/pokemon_sugimori_shiny/133.png', 133),
(436, 'images/pokemon_sugimori_shiny/134.png', 134),
(437, 'images/pokemon_sugimori_shiny/135.png', 135),
(438, 'images/pokemon_sugimori_shiny/136.png', 136),
(439, 'images/pokemon_sugimori_shiny/137.png', 137),
(440, 'images/pokemon_sugimori_shiny/138.png', 138),
(441, 'images/pokemon_sugimori_shiny/139.png', 139),
(442, 'images/pokemon_sugimori_shiny/140.png', 140),
(443, 'images/pokemon_sugimori_shiny/141.png', 141),
(444, 'images/pokemon_sugimori_shiny/142.png', 142),
(445, 'images/pokemon_sugimori_shiny/143.png', 143),
(446, 'images/pokemon_sugimori_shiny/144.png', 144),
(447, 'images/pokemon_sugimori_shiny/145.png', 145),
(448, 'images/pokemon_sugimori_shiny/146.png', 146),
(449, 'images/pokemon_sugimori_shiny/147.png', 147),
(450, 'images/pokemon_sugimori_shiny/148.png', 148),
(451, 'images/pokemon_sugimori_shiny/149.png', 149),
(452, 'images/pokemon_sugimori_shiny/150.png', 150),
(453, 'images/pokemon_sugimori_shiny/151.png', 151),
(454, 'images/pokemon_miniature/001.gif', 1),
(455, 'images/pokemon_miniature/002.gif', 2),
(456, 'images/pokemon_miniature/003.gif', 3),
(457, 'images/pokemon_miniature/004.gif', 4),
(458, 'images/pokemon_miniature/005.gif', 5),
(459, 'images/pokemon_miniature/006.gif', 6),
(460, 'images/pokemon_miniature/007.gif', 7),
(461, 'images/pokemon_miniature/008.gif', 8),
(462, 'images/pokemon_miniature/009.gif', 9),
(463, 'images/pokemon_miniature/010.gif', 10),
(464, 'images/pokemon_miniature/011.gif', 11),
(465, 'images/pokemon_miniature/012.gif', 12),
(466, 'images/pokemon_miniature/013.gif', 13),
(467, 'images/pokemon_miniature/014.gif', 14),
(468, 'images/pokemon_miniature/015.gif', 15),
(469, 'images/pokemon_miniature/016.gif', 16),
(470, 'images/pokemon_miniature/017.gif', 17),
(471, 'images/pokemon_miniature/018.gif', 18),
(472, 'images/pokemon_miniature/019.gif', 19),
(473, 'images/pokemon_miniature/020.gif', 20),
(474, 'images/pokemon_miniature/021.gif', 21),
(475, 'images/pokemon_miniature/022.gif', 22),
(476, 'images/pokemon_miniature/023.gif', 23),
(477, 'images/pokemon_miniature/024.gif', 24),
(478, 'images/pokemon_miniature/025.gif', 25),
(479, 'images/pokemon_miniature/026.gif', 26),
(480, 'images/pokemon_miniature/027.gif', 27),
(481, 'images/pokemon_miniature/028.gif', 28),
(482, 'images/pokemon_miniature/029.gif', 29),
(483, 'images/pokemon_miniature/030.gif', 30),
(484, 'images/pokemon_miniature/031.gif', 31),
(485, 'images/pokemon_miniature/032.gif', 32),
(486, 'images/pokemon_miniature/033.gif', 33),
(487, 'images/pokemon_miniature/034.gif', 34),
(488, 'images/pokemon_miniature/035.gif', 35),
(489, 'images/pokemon_miniature/036.gif', 36),
(490, 'images/pokemon_miniature/037.gif', 37),
(491, 'images/pokemon_miniature/038.gif', 38),
(492, 'images/pokemon_miniature/039.gif', 39),
(493, 'images/pokemon_miniature/040.gif', 40),
(494, 'images/pokemon_miniature/041.gif', 41),
(495, 'images/pokemon_miniature/042.gif', 42),
(496, 'images/pokemon_miniature/043.gif', 43),
(497, 'images/pokemon_miniature/044.gif', 44),
(498, 'images/pokemon_miniature/045.gif', 45),
(499, 'images/pokemon_miniature/046.gif', 46),
(500, 'images/pokemon_miniature/047.gif', 47),
(501, 'images/pokemon_miniature/048.gif', 48),
(502, 'images/pokemon_miniature/049.gif', 49),
(503, 'images/pokemon_miniature/050.gif', 50),
(504, 'images/pokemon_miniature/051.gif', 51),
(505, 'images/pokemon_miniature/052.gif', 52),
(506, 'images/pokemon_miniature/053.gif', 53),
(507, 'images/pokemon_miniature/054.gif', 54),
(508, 'images/pokemon_miniature/055.gif', 55),
(509, 'images/pokemon_miniature/056.gif', 56),
(510, 'images/pokemon_miniature/057.gif', 57),
(511, 'images/pokemon_miniature/058.gif', 58),
(512, 'images/pokemon_miniature/059.gif', 59),
(513, 'images/pokemon_miniature/060.gif', 60),
(514, 'images/pokemon_miniature/061.gif', 61),
(515, 'images/pokemon_miniature/062.gif', 62),
(516, 'images/pokemon_miniature/063.gif', 63),
(517, 'images/pokemon_miniature/064.gif', 64),
(518, 'images/pokemon_miniature/065.gif', 65),
(519, 'images/pokemon_miniature/066.gif', 66),
(520, 'images/pokemon_miniature/067.gif', 67),
(521, 'images/pokemon_miniature/068.gif', 68),
(522, 'images/pokemon_miniature/069.gif', 69),
(523, 'images/pokemon_miniature/070.gif', 70),
(524, 'images/pokemon_miniature/071.gif', 71),
(525, 'images/pokemon_miniature/072.gif', 72),
(526, 'images/pokemon_miniature/073.gif', 73),
(527, 'images/pokemon_miniature/074.gif', 74),
(528, 'images/pokemon_miniature/075.gif', 75),
(529, 'images/pokemon_miniature/076.gif', 76),
(530, 'images/pokemon_miniature/077.gif', 77),
(531, 'images/pokemon_miniature/078.gif', 78),
(532, 'images/pokemon_miniature/079.gif', 79),
(533, 'images/pokemon_miniature/080.gif', 80),
(534, 'images/pokemon_miniature/081.gif', 81),
(535, 'images/pokemon_miniature/082.gif', 82),
(536, 'images/pokemon_miniature/083.gif', 83),
(537, 'images/pokemon_miniature/084.gif', 84),
(538, 'images/pokemon_miniature/085.gif', 85),
(539, 'images/pokemon_miniature/086.gif', 86),
(540, 'images/pokemon_miniature/087.gif', 87),
(541, 'images/pokemon_miniature/088.gif', 88),
(542, 'images/pokemon_miniature/089.gif', 89),
(543, 'images/pokemon_miniature/090.gif', 90),
(544, 'images/pokemon_miniature/091.gif', 91),
(545, 'images/pokemon_miniature/092.gif', 92),
(546, 'images/pokemon_miniature/093.gif', 93),
(547, 'images/pokemon_miniature/094.gif', 94),
(548, 'images/pokemon_miniature/095.gif', 95),
(549, 'images/pokemon_miniature/096.gif', 96),
(550, 'images/pokemon_miniature/097.gif', 97),
(551, 'images/pokemon_miniature/098.gif', 98),
(552, 'images/pokemon_miniature/099.gif', 99),
(553, 'images/pokemon_miniature/100.gif', 100),
(554, 'images/pokemon_miniature/101.gif', 101),
(555, 'images/pokemon_miniature/102.gif', 102),
(556, 'images/pokemon_miniature/103.gif', 103),
(557, 'images/pokemon_miniature/104.gif', 104),
(558, 'images/pokemon_miniature/105.gif', 105),
(559, 'images/pokemon_miniature/106.gif', 106),
(560, 'images/pokemon_miniature/107.gif', 107),
(561, 'images/pokemon_miniature/108.gif', 108),
(562, 'images/pokemon_miniature/109.gif', 109),
(563, 'images/pokemon_miniature/110.gif', 110),
(564, 'images/pokemon_miniature/111.gif', 111),
(565, 'images/pokemon_miniature/112.gif', 112),
(566, 'images/pokemon_miniature/113.gif', 113),
(567, 'images/pokemon_miniature/114.gif', 114),
(568, 'images/pokemon_miniature/115.gif', 115),
(569, 'images/pokemon_miniature/116.gif', 116),
(570, 'images/pokemon_miniature/117.gif', 117),
(571, 'images/pokemon_miniature/118.gif', 118),
(572, 'images/pokemon_miniature/119.gif', 119),
(573, 'images/pokemon_miniature/120.gif', 120),
(574, 'images/pokemon_miniature/121.gif', 121),
(575, 'images/pokemon_miniature/122.gif', 122),
(576, 'images/pokemon_miniature/123.gif', 123),
(577, 'images/pokemon_miniature/124.gif', 124),
(578, 'images/pokemon_miniature/125.gif', 125),
(579, 'images/pokemon_miniature/126.gif', 126),
(580, 'images/pokemon_miniature/127.gif', 127),
(581, 'images/pokemon_miniature/128.gif', 128),
(582, 'images/pokemon_miniature/129.gif', 129),
(583, 'images/pokemon_miniature/130.gif', 130),
(584, 'images/pokemon_miniature/131.gif', 131),
(585, 'images/pokemon_miniature/132.gif', 132),
(586, 'images/pokemon_miniature/133.gif', 133),
(587, 'images/pokemon_miniature/134.gif', 134),
(588, 'images/pokemon_miniature/135.gif', 135),
(589, 'images/pokemon_miniature/136.gif', 136),
(590, 'images/pokemon_miniature/137.gif', 137),
(591, 'images/pokemon_miniature/138.gif', 138),
(592, 'images/pokemon_miniature/139.gif', 139),
(593, 'images/pokemon_miniature/140.gif', 140),
(594, 'images/pokemon_miniature/141.gif', 141),
(595, 'images/pokemon_miniature/142.gif', 142),
(596, 'images/pokemon_miniature/143.gif', 143),
(597, 'images/pokemon_miniature/144.gif', 144),
(598, 'images/pokemon_miniature/145.gif', 145),
(599, 'images/pokemon_miniature/146.gif', 146),
(600, 'images/pokemon_miniature/147.gif', 147),
(601, 'images/pokemon_miniature/148.gif', 148),
(602, 'images/pokemon_miniature/149.gif', 149),
(603, 'images/pokemon_miniature/150.gif', 150),
(604, 'images/pokemon_miniature/151.gif', 151);

-- --------------------------------------------------------

--
-- Table structure for table `lance`
--

CREATE TABLE `lance` (
  `id_pokemon` int(11) NOT NULL,
  `id_capacite` int(11) NOT NULL
) ENGINE=InnoDB DEFAULT CHARSET=utf8;

--
-- Dumping data for table `lance`
--

INSERT INTO `lance` (`id_pokemon`, `id_capacite`) VALUES
(41, 164),
(42, 164),
(43, 164),
(44, 164),
(45, 164),
(46, 164),
(47, 164),
(102, 164),
(103, 164),
(114, 164),
(140, 164),
(141, 164),
(23, 3),
(24, 3),
(43, 3),
(44, 3),
(45, 3),
(69, 3),
(70, 3),
(71, 3),
(72, 3),
(73, 3),
(79, 3),
(80, 3),
(108, 3),
(72, 2),
(73, 2),
(88, 2),
(89, 2),
(134, 2),
(15, 76),
(16, 76),
(17, 76),
(18, 76),
(21, 76),
(22, 76),
(25, 76),
(26, 76),
(27, 76),
(28, 76),
(49, 76),
(50, 76),
(51, 76),
(58, 76),
(59, 76),
(77, 76),
(78, 76),
(83, 76),
(84, 76),
(85, 76),
(99, 76),
(107, 76),
(116, 76),
(117, 76),
(118, 76),
(119, 76),
(123, 76),
(135, 76),
(137, 76),
(142, 76),
(144, 76),
(145, 76),
(146, 76),
(147, 76),
(148, 76),
(149, 76),
(150, 76),
(3, 6),
(35, 6),
(53, 6),
(54, 6),
(55, 6),
(60, 6),
(61, 6),
(79, 6),
(80, 6),
(99, 6),
(114, 6),
(143, 6),
(150, 6),
(151, 6),
(37, 103),
(38, 103),
(86, 103),
(87, 103),
(90, 103),
(91, 103),
(134, 103),
(102, 112),
(103, 112),
(65, 14),
(72, 14),
(73, 14),
(91, 14),
(97, 14),
(122, 14),
(137, 14),
(150, 14),
(151, 14),
(27, 107),
(28, 107),
(39, 107),
(40, 107),
(66, 107),
(67, 107),
(68, 107),
(74, 107),
(75, 107),
(76, 107),
(139, 107),
(95, 59),
(108, 59),
(114, 59),
(127, 59),
(130, 59),
(138, 59),
(139, 59),
(7, 101),
(8, 101),
(9, 101),
(19, 101),
(20, 101),
(23, 101),
(24, 101),
(29, 101),
(30, 101),
(31, 101),
(41, 101),
(42, 101),
(52, 101),
(53, 101),
(58, 101),
(59, 101),
(88, 101),
(89, 101),
(115, 101),
(130, 101),
(133, 101),
(134, 101),
(135, 101),
(136, 101),
(138, 101),
(139, 101),
(142, 101),
(143, 101),
(27, 12),
(28, 12),
(37, 12),
(38, 12),
(124, 12),
(131, 12),
(144, 12),
(31, 116),
(35, 116),
(39, 116),
(40, 116),
(60, 116),
(61, 116),
(62, 116),
(124, 116),
(131, 116),
(143, 116),
(104, 93),
(105, 93),
(104, 105),
(105, 105),
(7, 56),
(8, 56),
(9, 56),
(54, 56),
(55, 56),
(60, 56),
(61, 56),
(62, 56),
(72, 56),
(73, 56),
(98, 56),
(99, 56),
(116, 56),
(117, 56),
(134, 56),
(7, 19),
(8, 19),
(9, 19),
(60, 19),
(61, 19),
(62, 19),
(72, 19),
(73, 19),
(87, 19),
(98, 19),
(99, 19),
(116, 19),
(117, 19),
(120, 19),
(121, 19),
(90, 24),
(91, 24),
(107, 117),
(115, 117),
(37, 104),
(38, 104),
(41, 104),
(42, 104),
(92, 104),
(93, 104),
(94, 104),
(120, 104),
(121, 104),
(126, 104),
(131, 104),
(141, 104),
(150, 104),
(12, 23),
(48, 23),
(49, 23),
(54, 23),
(55, 23),
(64, 23),
(65, 23),
(77, 23),
(78, 23),
(79, 23),
(80, 23),
(96, 23),
(97, 23),
(102, 23),
(103, 23),
(114, 23),
(122, 23),
(124, 23),
(144, 23),
(150, 23),
(151, 23),
(72, 27),
(73, 27),
(114, 27),
(138, 27),
(139, 27),
(137, 4),
(6, 132),
(20, 132),
(28, 132),
(31, 132),
(34, 132),
(57, 132),
(68, 132),
(107, 132),
(112, 132),
(145, 132),
(98, 113),
(99, 113),
(83, 31),
(27, 15),
(28, 15),
(35, 15),
(36, 15),
(39, 15),
(40, 15),
(74, 15),
(75, 15),
(76, 15),
(108, 15),
(113, 15),
(143, 15),
(27, 153),
(28, 153),
(50, 153),
(51, 153),
(95, 153),
(37, 58),
(38, 58),
(39, 58),
(40, 58),
(48, 58),
(49, 58),
(54, 58),
(55, 58),
(64, 58),
(65, 58),
(79, 58),
(80, 58),
(88, 58),
(89, 58),
(94, 58),
(96, 58),
(97, 58),
(108, 58),
(117, 58),
(150, 58),
(107, 158),
(115, 158),
(25, 49),
(29, 49),
(30, 49),
(31, 49),
(32, 49),
(33, 49),
(34, 49),
(77, 49),
(78, 49),
(106, 49),
(122, 49),
(128, 49),
(133, 49),
(134, 49),
(135, 49),
(136, 49),
(35, 146),
(36, 146),
(39, 146),
(40, 146),
(60, 146),
(61, 146),
(62, 146),
(113, 146),
(122, 146),
(124, 146),
(25, 129),
(26, 129),
(123, 129),
(144, 129),
(1, 38),
(2, 38),
(3, 38),
(19, 38),
(20, 38),
(35, 38),
(36, 38),
(39, 38),
(40, 38),
(58, 38),
(59, 38),
(60, 38),
(61, 38),
(62, 38),
(66, 38),
(67, 38),
(68, 38),
(74, 38),
(75, 38),
(76, 38),
(77, 38),
(78, 38),
(86, 38),
(87, 38),
(95, 38),
(104, 38),
(105, 38),
(108, 38),
(111, 38),
(112, 38),
(113, 38),
(128, 38),
(133, 38),
(134, 38),
(135, 38),
(136, 38),
(137, 38),
(143, 38),
(4, 50),
(5, 50),
(6, 50),
(130, 50),
(147, 50),
(148, 50),
(149, 50),
(92, 47),
(93, 47),
(94, 47),
(96, 47),
(97, 47),
(144, 47),
(21, 9),
(22, 9),
(84, 9),
(85, 9),
(145, 9),
(27, 136),
(28, 136),
(50, 136),
(51, 136),
(74, 136),
(75, 136),
(76, 136),
(95, 136),
(111, 136),
(112, 136),
(103, 13),
(113, 13),
(4, 62),
(5, 62),
(6, 62),
(37, 62),
(38, 62),
(58, 62),
(59, 62),
(77, 62),
(78, 62),
(126, 62),
(136, 62),
(146, 62),
(74, 60),
(75, 60),
(76, 60),
(100, 60),
(101, 60),
(109, 60),
(110, 60),
(37, 44),
(38, 44),
(77, 44),
(78, 44),
(126, 44),
(136, 44),
(107, 118),
(126, 118),
(149, 118),
(4, 39),
(5, 39),
(6, 39),
(37, 39),
(38, 39),
(77, 39),
(78, 39),
(105, 39),
(126, 39),
(136, 39),
(146, 39),
(50, 1),
(51, 1),
(4, 85),
(5, 85),
(6, 85),
(37, 85),
(38, 85),
(58, 85),
(59, 85),
(126, 85),
(136, 85),
(146, 85),
(64, 63),
(65, 63),
(142, 163),
(15, 126),
(19, 126),
(20, 126),
(21, 126),
(22, 126),
(32, 126),
(33, 126),
(34, 126),
(56, 126),
(57, 126),
(66, 126),
(67, 126),
(68, 126),
(83, 126),
(104, 126),
(105, 126),
(106, 126),
(107, 126),
(115, 126),
(116, 126),
(117, 126),
(123, 126),
(127, 126),
(128, 126),
(133, 126),
(136, 126),
(145, 126),
(15, 69),
(21, 69),
(22, 69),
(32, 69),
(33, 69),
(34, 69),
(78, 69),
(83, 69),
(84, 69),
(85, 69),
(111, 69),
(112, 69),
(118, 69),
(119, 69),
(4, 26),
(5, 26),
(6, 26),
(20, 26),
(27, 26),
(28, 26),
(29, 26),
(30, 26),
(31, 26),
(46, 26),
(47, 26),
(50, 26),
(51, 26),
(52, 26),
(53, 26),
(54, 26),
(55, 26),
(56, 26),
(57, 26),
(23, 80),
(24, 80),
(1, 133),
(2, 133),
(3, 133),
(4, 133),
(5, 133),
(6, 133),
(21, 133),
(22, 133),
(25, 133),
(26, 133),
(29, 133),
(30, 133),
(31, 133),
(35, 133),
(36, 133),
(50, 133),
(51, 133),
(52, 133),
(53, 133),
(77, 133),
(78, 133),
(79, 133),
(80, 133),
(84, 133),
(85, 133),
(86, 133),
(87, 133),
(104, 133),
(105, 133),
(113, 133),
(115, 133),
(131, 133),
(133, 133),
(134, 133),
(135, 133),
(136, 133),
(1, 35),
(2, 35),
(3, 35),
(43, 35),
(44, 35),
(45, 35),
(46, 35),
(47, 35),
(69, 35),
(70, 35),
(71, 35),
(103, 35),
(114, 35),
(98, 75),
(99, 75),
(127, 75),
(12, 147),
(16, 147),
(17, 147),
(18, 147),
(41, 147),
(42, 147),
(49, 147),
(144, 147),
(146, 147),
(11, 7),
(12, 7),
(14, 7),
(15, 7),
(74, 7),
(75, 7),
(76, 7),
(88, 7),
(89, 7),
(95, 7),
(98, 7),
(99, 7),
(120, 7),
(121, 7),
(127, 7),
(140, 7),
(141, 7),
(143, 7),
(23, 18),
(24, 18),
(41, 18),
(42, 18),
(62, 18),
(73, 18),
(89, 18),
(94, 18),
(109, 18),
(110, 18),
(134, 18),
(144, 18),
(7, 29),
(8, 29),
(9, 29),
(79, 29),
(80, 29),
(86, 29),
(87, 29),
(96, 29),
(97, 29),
(104, 29),
(105, 29),
(115, 29),
(128, 29),
(143, 29),
(106, 111),
(32, 84),
(33, 84),
(34, 84),
(111, 84),
(112, 84),
(118, 84),
(119, 84),
(128, 84),
(138, 84),
(139, 84),
(32, 57),
(33, 57),
(78, 57),
(87, 57),
(111, 57),
(112, 57),
(118, 57),
(119, 57),
(7, 78),
(8, 78),
(9, 78),
(54, 78),
(55, 78),
(60, 78),
(61, 78),
(62, 78),
(72, 78),
(73, 78),
(90, 78),
(91, 78),
(116, 78),
(117, 78),
(120, 78),
(121, 78),
(130, 78),
(131, 78),
(134, 78),
(138, 78),
(139, 78),
(140, 78),
(141, 78),
(126, 156),
(130, 156),
(137, 156),
(142, 156),
(143, 156),
(147, 156),
(148, 156),
(149, 156),
(19, 33),
(20, 33),
(38, 79),
(41, 79),
(42, 79),
(53, 79),
(54, 79),
(55, 79),
(60, 79),
(61, 79),
(62, 79),
(64, 79),
(65, 79),
(77, 79),
(78, 79),
(92, 79),
(93, 79),
(94, 79),
(96, 79),
(97, 79),
(102, 79),
(103, 79),
(122, 79),
(144, 79),
(37, 87),
(38, 87),
(86, 87),
(87, 87),
(90, 87),
(91, 87),
(131, 87),
(144, 87),
(27, 121),
(107, 121),
(124, 121),
(84, 110),
(85, 110),
(106, 110),
(56, 119),
(57, 119),
(66, 119),
(67, 119),
(68, 119),
(64, 142),
(65, 142),
(41, 161),
(42, 161),
(46, 161),
(47, 161),
(48, 161),
(49, 161),
(71, 161),
(140, 161),
(141, 161),
(1, 160),
(2, 160),
(3, 160),
(47, 160),
(102, 160),
(103, 160),
(114, 160),
(4, 74),
(5, 74),
(6, 74),
(21, 74),
(22, 74),
(23, 74),
(24, 74),
(32, 74),
(33, 74),
(34, 74),
(56, 74),
(57, 74),
(58, 74),
(59, 74),
(66, 74),
(67, 74),
(68, 74),
(83, 74),
(84, 74),
(85, 74),
(90, 74),
(91, 74),
(98, 74),
(99, 74),
(104, 74),
(105, 74),
(107, 74),
(111, 74),
(112, 74),
(115, 74),
(116, 74),
(117, 74),
(123, 74),
(125, 74),
(126, 74),
(128, 74),
(130, 74),
(136, 74),
(138, 74),
(139, 74),
(140, 74),
(141, 74),
(144, 74),
(145, 74),
(146, 74),
(147, 74),
(148, 74),
(149, 74),
(92, 88),
(93, 88),
(94, 88),
(108, 88),
(124, 88),
(143, 88),
(25, 102),
(26, 102),
(35, 102),
(81, 102),
(82, 102),
(100, 102),
(101, 102),
(113, 102),
(120, 102),
(121, 102),
(122, 102),
(125, 102),
(145, 102),
(124, 73),
(96, 165),
(97, 165),
(106, 165),
(122, 165),
(43, 95),
(44, 95),
(45, 95),
(48, 95),
(49, 95),
(102, 95),
(103, 95),
(114, 95),
(140, 95),
(141, 95),
(106, 155),
(76, 154),
(107, 154),
(115, 154),
(151, 154),
(35, 97),
(36, 97),
(143, 97),
(151, 97),
(39, 28),
(40, 28),
(122, 28),
(133, 28),
(134, 28),
(135, 28),
(136, 28),
(151, 28),
(35, 90),
(36, 90),
(40, 90),
(88, 90),
(89, 90),
(113, 90),
(120, 90),
(121, 90),
(16, 98),
(17, 98),
(18, 98),
(21, 98),
(22, 98),
(83, 98),
(85, 98),
(27, 17),
(28, 17),
(37, 17),
(38, 17),
(62, 17),
(131, 17),
(134, 17),
(144, 17),
(149, 17),
(150, 17),
(64, 144),
(65, 144),
(92, 144),
(93, 144),
(94, 144),
(52, 81),
(53, 81),
(15, 109),
(21, 109),
(22, 109),
(32, 109),
(33, 109),
(34, 109),
(83, 109),
(84, 109),
(85, 109),
(118, 109),
(119, 109),
(144, 109),
(145, 109),
(146, 109),
(3, 40),
(43, 40),
(44, 40),
(45, 40),
(15, 42),
(135, 42),
(88, 70),
(89, 70),
(92, 70),
(93, 70),
(94, 70),
(96, 70),
(97, 70),
(109, 70),
(110, 70),
(126, 70),
(1, 123),
(2, 123),
(3, 123),
(12, 123),
(43, 123),
(44, 123),
(45, 123),
(46, 123),
(47, 123),
(48, 123),
(49, 123),
(69, 123),
(70, 123),
(71, 123),
(102, 123),
(114, 123),
(13, 43),
(15, 43),
(23, 43),
(24, 43),
(27, 43),
(28, 43),
(29, 43),
(30, 43),
(31, 43),
(32, 43),
(33, 43),
(34, 43),
(72, 43),
(73, 43),
(35, 55),
(36, 55),
(39, 55),
(40, 55),
(60, 55),
(61, 55),
(62, 55),
(88, 55),
(89, 55),
(96, 55),
(97, 55),
(113, 55),
(115, 55),
(122, 55),
(124, 55),
(151, 55),
(12, 128),
(48, 128),
(49, 128),
(54, 128),
(55, 128),
(64, 128),
(65, 128),
(77, 128),
(78, 128),
(96, 128),
(97, 128),
(102, 128),
(110, 128),
(119, 128),
(120, 128),
(121, 128),
(122, 128),
(137, 128),
(150, 128),
(26, 125),
(35, 125),
(36, 125),
(48, 125),
(49, 125),
(64, 125),
(65, 125),
(77, 125),
(78, 125),
(79, 125),
(80, 125),
(96, 125),
(97, 125),
(102, 125),
(120, 125),
(121, 125),
(122, 125),
(124, 125),
(150, 125),
(151, 125),
(120, 159),
(121, 159),
(122, 159),
(150, 159),
(151, 159),
(16, 162),
(17, 162),
(18, 162),
(19, 162),
(20, 162),
(22, 162),
(25, 162),
(26, 162),
(37, 162),
(38, 162),
(42, 162),
(77, 162),
(78, 162),
(83, 162),
(84, 162),
(85, 162),
(118, 162),
(119, 162),
(123, 162),
(125, 162),
(133, 162),
(134, 162),
(135, 162),
(136, 162),
(4, 68),
(5, 68),
(6, 68),
(15, 68),
(57, 68),
(84, 68),
(85, 68),
(95, 68),
(104, 68),
(105, 68),
(115, 68),
(128, 68),
(130, 68),
(136, 68),
(1, 150),
(2, 150),
(3, 150),
(43, 150),
(44, 150),
(69, 150),
(70, 150),
(71, 150),
(83, 150),
(16, 32),
(17, 32),
(18, 32),
(123, 32),
(64, 137),
(65, 137),
(120, 137),
(121, 137),
(137, 137),
(144, 137),
(150, 137),
(64, 124),
(65, 124),
(102, 124),
(103, 124),
(122, 124),
(144, 124),
(39, 131),
(40, 131),
(79, 131),
(80, 131),
(86, 131),
(87, 131),
(108, 131),
(128, 131),
(143, 131),
(37, 77),
(38, 77),
(58, 77),
(59, 77),
(142, 77),
(58, 51),
(59, 51),
(74, 51),
(75, 51),
(76, 51),
(95, 51),
(111, 51),
(112, 51),
(138, 51),
(139, 51),
(140, 51),
(141, 51),
(142, 51),
(59, 83),
(74, 83),
(75, 83),
(76, 83),
(95, 83),
(111, 83),
(112, 83),
(138, 83),
(139, 83),
(140, 83),
(141, 83),
(142, 83),
(106, 94),
(16, 82),
(17, 82),
(18, 82),
(27, 82),
(28, 82),
(50, 82),
(51, 82),
(74, 82),
(75, 82),
(76, 82),
(83, 82),
(111, 82),
(112, 82),
(133, 82),
(134, 82),
(135, 82),
(136, 82),
(138, 82),
(139, 82),
(140, 82),
(141, 82),
(4, 71),
(5, 71),
(6, 71),
(27, 71),
(28, 71),
(29, 71),
(30, 71),
(31, 71),
(46, 71),
(47, 71),
(50, 71),
(51, 71),
(52, 71),
(53, 71),
(54, 71),
(55, 71),
(56, 71),
(57, 71),
(140, 71),
(141, 71),
(23, 72),
(24, 72),
(42, 72),
(47, 72),
(49, 72),
(51, 72),
(52, 72),
(53, 72),
(54, 72),
(55, 72),
(56, 72),
(57, 72),
(72, 72),
(73, 72),
(81, 72),
(82, 72),
(88, 72),
(89, 72),
(95, 72),
(100, 72),
(101, 72),
(105, 72),
(108, 72),
(110, 72),
(124, 72),
(125, 72),
(141, 72),
(143, 72),
(56, 67),
(57, 67),
(66, 67),
(67, 67),
(68, 67),
(127, 67),
(74, 45),
(75, 45),
(76, 45),
(100, 45),
(101, 45),
(109, 45),
(110, 45),
(137, 5),
(35, 11),
(36, 11),
(39, 11),
(40, 11),
(113, 11),
(124, 11),
(131, 11),
(7, 30),
(8, 30),
(9, 30),
(56, 30),
(57, 30),
(119, 30),
(18, 114),
(22, 114),
(83, 114),
(144, 114),
(145, 114),
(146, 114),
(23, 139),
(24, 139),
(25, 139),
(26, 139),
(69, 139),
(70, 139),
(71, 139),
(83, 139),
(95, 139),
(98, 139),
(99, 139),
(108, 139),
(114, 139),
(147, 139),
(148, 139),
(149, 139),
(4, 149),
(5, 149),
(6, 149),
(27, 149),
(28, 149),
(46, 149),
(47, 149),
(50, 149),
(51, 149),
(52, 149),
(53, 149),
(83, 149),
(123, 149),
(127, 149),
(140, 149),
(141, 149),
(1, 122),
(2, 122),
(3, 122),
(12, 122),
(43, 122),
(44, 122),
(45, 122),
(46, 122),
(47, 122),
(48, 122),
(49, 122),
(69, 122),
(70, 122),
(71, 122),
(102, 122),
(114, 122),
(88, 46),
(89, 46),
(109, 46),
(110, 46),
(88, 127),
(89, 127),
(92, 127),
(93, 127),
(94, 127),
(109, 127),
(110, 127),
(126, 127),
(136, 127),
(4, 16),
(5, 16),
(6, 16),
(109, 16),
(110, 16),
(116, 16),
(117, 16),
(126, 16),
(113, 53),
(1, 86),
(2, 86),
(3, 86),
(43, 86),
(44, 86),
(45, 86),
(102, 86),
(103, 86),
(146, 86),
(81, 138),
(82, 138),
(100, 138),
(101, 138),
(91, 108),
(138, 108),
(139, 108),
(35, 151),
(36, 151),
(129, 151),
(130, 151),
(46, 140),
(47, 140),
(77, 54),
(78, 54),
(80, 54),
(98, 54),
(99, 54),
(103, 54),
(108, 54),
(111, 54),
(112, 54),
(115, 54),
(128, 54),
(66, 64),
(67, 64),
(68, 64),
(127, 64),
(10, 135),
(12, 135),
(13, 135),
(15, 135),
(12, 106),
(43, 106),
(44, 106),
(45, 106),
(46, 106),
(47, 106),
(48, 106),
(49, 106),
(69, 106),
(70, 106),
(71, 106),
(100, 106),
(101, 106),
(102, 106),
(103, 106),
(114, 106),
(62, 134),
(66, 134),
(67, 134),
(68, 134),
(127, 134),
(19, 34),
(20, 34),
(29, 34),
(30, 34),
(12, 157),
(31, 157),
(34, 157),
(41, 157),
(42, 157),
(48, 157),
(49, 157),
(72, 157),
(73, 157),
(81, 157),
(82, 157),
(85, 157),
(90, 157),
(91, 157),
(108, 157),
(118, 157),
(119, 157),
(139, 157),
(142, 157),
(54, 141),
(55, 141),
(72, 141),
(73, 141),
(79, 141),
(80, 141),
(120, 141),
(121, 141),
(131, 141),
(138, 141),
(139, 141),
(25, 96),
(26, 96),
(27, 96),
(28, 96),
(41, 96),
(42, 96),
(53, 96),
(81, 96),
(82, 96),
(100, 96),
(101, 96),
(107, 96),
(120, 96),
(121, 96),
(125, 96),
(133, 96),
(134, 96),
(135, 96),
(136, 96),
(150, 96),
(151, 96),
(20, 41),
(27, 41),
(28, 41),
(71, 41),
(83, 41),
(84, 41),
(85, 41),
(98, 41),
(99, 41),
(105, 41),
(123, 41),
(127, 41),
(141, 41),
(1, 22),
(2, 22),
(3, 22),
(7, 22),
(8, 22),
(9, 22),
(10, 22),
(12, 22),
(16, 22),
(17, 22),
(18, 22),
(19, 22),
(20, 22),
(29, 22),
(30, 22),
(31, 22),
(32, 22),
(33, 22),
(34, 22),
(35, 22),
(36, 22),
(37, 22),
(38, 22),
(48, 22),
(49, 22),
(58, 22),
(59, 22),
(66, 22),
(67, 22),
(68, 22),
(74, 22),
(75, 22),
(76, 22),
(77, 22),
(78, 22),
(79, 22),
(80, 22),
(81, 22),
(82, 22),
(90, 22),
(91, 22),
(95, 22),
(100, 22),
(101, 22),
(106, 22),
(107, 22),
(108, 22),
(109, 22),
(110, 22),
(111, 22),
(112, 22),
(113, 22),
(120, 22),
(121, 22),
(126, 22),
(128, 22),
(129, 22),
(130, 22),
(133, 22),
(134, 22),
(135, 22),
(136, 22),
(137, 22),
(143, 22),
(7, 99),
(8, 99),
(9, 99),
(19, 99),
(20, 99),
(25, 99),
(26, 99),
(29, 99),
(30, 99),
(31, 99),
(37, 99),
(38, 99),
(54, 99),
(55, 99),
(77, 99),
(78, 99),
(104, 99),
(105, 99),
(111, 99),
(112, 99),
(113, 99),
(115, 99),
(118, 99),
(119, 99),
(128, 99),
(133, 99),
(134, 99),
(135, 99),
(136, 99),
(1, 10),
(2, 10),
(3, 10),
(19, 10),
(20, 10),
(21, 10),
(22, 10),
(58, 10),
(59, 10),
(74, 10),
(75, 10),
(76, 10),
(77, 10),
(78, 10),
(86, 10),
(87, 10),
(111, 10),
(112, 10),
(113, 10),
(128, 10),
(133, 10),
(134, 10),
(135, 10),
(136, 10),
(142, 10),
(63, 143),
(64, 143),
(65, 143),
(150, 143),
(34, 92),
(52, 92),
(56, 92),
(57, 92),
(84, 92),
(85, 92),
(104, 92),
(105, 92),
(108, 92),
(124, 92),
(127, 92),
(128, 92),
(130, 92),
(25, 61),
(26, 61),
(81, 61),
(82, 61),
(100, 61),
(101, 61),
(125, 61),
(135, 61),
(145, 61),
(26, 120),
(74, 120),
(75, 120),
(76, 120),
(107, 120),
(125, 120),
(149, 120),
(25, 52),
(26, 52),
(74, 52),
(75, 52),
(76, 52),
(81, 52),
(82, 52),
(100, 52),
(101, 52),
(125, 52),
(135, 52),
(137, 52),
(145, 52),
(25, 20),
(26, 20),
(81, 20),
(82, 20),
(100, 20),
(101, 20),
(125, 20),
(135, 20),
(137, 20),
(145, 20),
(147, 20),
(148, 20),
(149, 20),
(25, 145),
(26, 145),
(81, 145),
(82, 145),
(100, 145),
(101, 145),
(125, 145),
(135, 145),
(137, 145),
(145, 145),
(23, 148),
(24, 148),
(29, 148),
(30, 148),
(31, 148),
(32, 148),
(33, 148),
(34, 148),
(41, 148),
(42, 148),
(43, 148),
(44, 148),
(45, 148),
(88, 148),
(89, 148),
(92, 148),
(93, 148),
(94, 148),
(109, 148),
(110, 148),
(132, 100),
(151, 100),
(51, 152),
(82, 152),
(84, 152),
(85, 152),
(137, 152),
(15, 48),
(91, 48),
(1, 66),
(2, 66),
(3, 66),
(69, 66),
(70, 66),
(71, 66),
(114, 66),
(98, 65),
(99, 65),
(127, 65),
(7, 115),
(8, 115),
(9, 115),
(54, 115),
(55, 115),
(60, 115),
(61, 115),
(62, 115),
(72, 115),
(73, 115),
(79, 115),
(80, 115),
(86, 115),
(87, 115),
(90, 115),
(91, 115),
(98, 115),
(99, 115),
(116, 115),
(117, 115),
(120, 115),
(121, 115),
(131, 115),
(134, 115),
(138, 115),
(139, 115),
(86, 21),
(87, 21),
(116, 21),
(117, 21),
(118, 21),
(119, 21),
(130, 21),
(12, 37),
(16, 37),
(17, 37),
(18, 37),
(42, 37),
(49, 37),
(6, 36),
(16, 36),
(17, 36),
(18, 36),
(21, 36),
(22, 36),
(41, 36),
(42, 36),
(84, 36),
(85, 36),
(123, 36),
(142, 36),
(146, 36),
(149, 36),
(7, 130),
(8, 130),
(9, 130),
(80, 130),
(90, 130),
(91, 130),
(138, 130),
(139, 130),
(23, 89),
(24, 89),
(69, 89),
(70, 89),
(71, 89),
(72, 89),
(73, 89),
(108, 89),
(147, 89),
(148, 89),
(149, 89);

-- --------------------------------------------------------

--
-- Table structure for table `pokedex`
--

CREATE TABLE `pokedex` (
  `id_dresseur` int(11) NOT NULL,
  `id_pokemon` int(11) NOT NULL,
  `nbVue` int(11) DEFAULT '0',
  `nbAttrape` int(11) DEFAULT '0'
) ENGINE=InnoDB DEFAULT CHARSET=utf8;

--
-- Dumping data for table `pokedex`
--

INSERT INTO `pokedex` (`id_dresseur`, `id_pokemon`, `nbVue`, `nbAttrape`) VALUES
(1, 1, 30, 1),
(1, 2, 20, 1),
(1, 3, 12, 1),
(1, 4, 22, 1),
(1, 5, 31, 1),
(1, 7, 15, 1),
(1, 8, 15, 1),
(1, 9, 15, 1),
(1, 10, 15, 1),
(1, 25, 15, 1),
(1, 26, 33, 0),
(1, 131, 2, 1),
(1, 147, 2, 1),
(1, 148, 2, 1),
(1, 149, 1, 1),
(1, 150, 1, 0),
(1, 151, 1, 0),
(2, 6, 1, 0),
(2, 25, 1, 0),
(2, 37, 1, 0),
(2, 74, 1, 1),
(2, 95, 95, 95),
(3, 6, 3, 0),
(3, 7, 3, 0),
(3, 86, 3, 2),
(3, 95, 3, 0),
(3, 117, 3, 2),
(3, 118, 3, 1),
(3, 119, 3, 1),
(3, 120, 33, 1),
(3, 121, 2, 1),
(4, 1, 1, 1),
(4, 4, 1, 0),
(4, 7, 1, 0);

-- --------------------------------------------------------

--
-- Table structure for table `pokemon`
--

CREATE TABLE `pokemon` (
  `id_pokemon` int(11) NOT NULL,
  `numero` int(11) NOT NULL,
  `nom` varchar(20) NOT NULL,
  `description` text,
  `taille` decimal(6,2) DEFAULT NULL,
  `poids` decimal(6,2) DEFAULT NULL
) ENGINE=InnoDB DEFAULT CHARSET=utf8;

--
-- Dumping data for table `pokemon`
--

INSERT INTO `pokemon` (`id_pokemon`, `numero`, `nom`, `description`, `taille`, `poids`) VALUES
(1, 1, 'Bulbizarre', 'Il y a une graine sur son dos depuis sa naissance. Elle grossit un peu chaque jour.', '0.70', '6.90'),
(2, 2, 'Herbizarre', ' Son bulbe dorsal est devenu si gros qu’il ne peut plus se tenir sur ses pattes postérieures.', '1.00', '13.00'),
(3, 3, 'Florizarre', 'Sa plante donne une grosse fleur quand elle absorbe les rayons du soleil. Il est toujours à la recherche des endroits les plus ensoleillés.', '2.00', '100.00'),
(4, 4, 'Salameche', ' Il préfère ce qui est chaud. En cas de pluie, de la vapeur se forme autour de sa queue.', '0.60', '8.50'),
(5, 5, 'Reptincel', 'Il est très brutal. En combat, il se sert de ses griffes acérées et de sa queue enflammée pour mettre en pièces ses adversaires.', '1.10', '19.00'),
(6, 6, 'Dracaufeu', ' Son souffle brûlant peut faire fondre la roche. Il est parfois la cause d’incendies de forêt.', '1.70', '90.50'),
(7, 7, 'Carapuce', 'Quand il rentre son cou dans sa carapace, il peut projeter de l’eau à haute pression.', '0.50', '9.00'),
(8, 8, 'Carabaffe', ' Il est considéré comme un symbole de longévité. On reconnaît les spécimens les plus âgés à la mousse qui pousse sur leur carapace.', '1.00', '22.50'),
(9, 9, 'Tortank', ' Il écrase ses adversaires de tout son poids pour leur faire perdre connaissance. Il rentre dans sa carapace s’il se sent en danger.', '0.50', '9.00'),
(10, 10, 'Chenipan', ' Pour se protéger, il émet par ses antennes une odeur nauséabonde qui fait fuir ses ennemis.', '0.30', '2.90'),
(11, 11, 'Chrysacier', ' En attendant sa prochaine évolution, il ne peut que durcir sa carapace et rester immobile pour éviter de se faire attaquer.', '0.70', '9.90'),
(12, 12, 'Papilusion', ' En combat, il bat des ailes très rapidement pour projeter de la poudre toxique sur ses ennemis.', '1.10', '32.00'),
(13, 13, 'Aspicot', ' L’aiguillon sur son front est très pointu. Il se cache dans les bois et les hautes herbes, où il se gave de feuilles.', '0.30', '3.20'),
(14, 14, 'Coconfort', ' Il peut à peine bouger. Quand il est menacé, il sort parfois son aiguillon pour empoisonner ses ennemis.', '0.60', '10.00'),
(15, 15, 'Dardargnan', ' Il se sert de ses trois aiguillons empoisonnés situés sur les pattes avant et l’abdomen pour attaquer sans relâche ses adversaires.', '1.00', '29.50'),
(16, 16, 'Roucool', ' De nature très docile, il préfère projeter du sable pour se défendre plutôt que contre-attaquer.', '0.30', '1.80'),
(17, 17, 'Roucoups', ' Ce Pokémon est très endurant. Il survole en permanence son territoire pour chasser.', '1.10', '30.00'),
(18, 18, 'Roucarnage', ' Ce Pokémon vole à Mach 2 quand il chasse. Ses grandes serres sont des armes redoutables.', '1.50', '39.50'),
(19, 19, 'Rattata', ' Il peut ronger n’importe quoi avec ses deux dents. Quand on en voit un, il y en a certainement 40 dans le coin.', '0.30', '3.50'),
(20, 20, 'Rattatac', ' Ses pattes arrière sont palmées. Il peut donc poursuivre sa proie dans les cours d’eau et les rivières.', '0.70', '18.50'),
(21, 21, 'Piafabec', ' Il est incapable de voler à haute altitude. Il se déplace très vite pour protéger son territoire.', '0.30', '2.00'),
(22, 22, 'Rapasdepic', ' Un Pokémon très ancien. S’il perçoit un danger, il fuit instantanément à haute altitude.', '1.20', '38.00'),
(23, 23, 'Abo', ' Plus il est âgé, plus son corps est long. La nuit, il s’enroule autour de branches d’arbres pour se reposer.', '2.00', '6.90'),
(24, 24, 'Arbok', ' Des études ont révélé que les marques effrayantes de son corps pouvaient former six motifs différents.', '3.50', '65.00'),
(25, 25, 'Pikachu', ' Quand il s’énerve, il libère instantanément l’énergie emmagasinée dans les poches de ses joues.', '0.40', '6.00'),
(26, 26, 'Raichu', ' Il se protège des décharges grâce à sa queue, qui dissipe l’électricité dans le sol.', '0.80', '30.00'),
(27, 27, 'Sabelette', ' Il aime se rouler dans le sable des zones désertiques pour se débarrasser des traces de terre et d’humidité qui lui collent à la peau.', '0.60', '12.00'),
(28, 28, 'Sablaireau', ' Plus son habitat est sec, plus ses épines dorsales deviennent dures et lisses.', '1.00', '29.50'),
(29, 29, 'NidoranF', ' Son odorat est plus développé que celui du mâle. Quand Nidoran♀ cherche à manger, il reste dans le sens du vent, qu’il détecte avec ses vibrisses.', '0.40', '7.00'),
(30, 30, 'Nidorina', ' On pense que sa corne frontale s’est atrophiée pour lui permettre de nourrir ses petits sans les blesser.', '0.80', '20.00'),
(31, 31, 'Nidoqueen', ' Il est plus doué pour se défendre que pour attaquer. Grâce à son blindage d’écailles, il protège ses petits de toute agression.', '1.30', '60.00'),
(32, 32, 'NidoranM', ' Sa corne frontale contient un puissant poison. Les grandes oreilles de ce Pokémon très prudent sont constamment dressées.', '0.50', '9.00'),
(33, 33, 'Nidorino', ' Il erre à la recherche d’une Pierre Lune, brisant tous les rochers sur son passage avec sa corne plus solide qu’un diamant.', '0.90', '19.50'),
(34, 34, 'Nidoking', ' Lorsqu’il s’énerve, il devient incontrôlable, mais il retrouve son calme face à Nidoqueen, sa compagne de longue date.', '1.40', '62.00'),
(35, 35, 'Melofee', ' On dit que ceux qui voient danser un groupe de Mélofée sous la pleine lune connaîtront un grand bonheur.', '0.60', '7.50'),
(36, 36, 'Melodelfe', ' Ce Pokémon s’apparente à une petite fée qui n’apparaît que rarement devant les humains. Il court se cacher dès qu’il ressent une présence.', '1.30', '40.00'),
(37, 37, 'Goupix', ' Quand il est jeune, ce Pokémon a six queues magnifiques. De nouvelles queues apparaissent tout au long de sa croissance.', '0.60', '9.90'),
(38, 38, 'Feunard', ' On dit qu’il vit 1 000 ans et que chacune de ses queues a un pouvoir magique.', '1.10', '19.90'),
(39, 39, 'Rondoudou', ' Quand ses grands yeux luisent, il chante une berceuse mystérieuse et agréable qui pousse ses ennemis à s’endormir.', '0.50', '5.50'),
(40, 40, 'Grodoudou', ' Il a une très belle fourrure. Mieux vaut éviter de le mettre en colère, ou il gonflera avant d’attaquer de tout son corps.', '1.00', '12.00'),
(41, 41, 'Nosferapti', ' Il sonde les environs en émettant des ultrasons avec sa bouche, et peut ainsi se frayer un chemin même dans les grottes les plus étroites.', '0.80', '7.50'),
(42, 42, 'Nosferalto', ' Le sang des êtres vivants est son péché mignon. On dit qu’il partage parfois ce précieux breuvage avec ses congénères affamés.', '1.60', '55.00'),
(43, 43, 'Mystherbe', ' Il ne bouge que lorsqu’il est exposé aux rayons de la lune. Il se déplace alors pour disséminer ses graines.', '0.50', '5.40'),
(44, 44, 'Ortide', ' Ses pistils sécrètent une odeur incroyablement fétide qui fait perdre connaissance à ses adversaires jusqu’à 2 km à la ronde.', '1.80', '8.60'),
(45, 45, 'Rafflesia', ' Il possède les plus gros pétales au monde, qui sèment d’épais nuages de pollen toxique à chacun de ses pas.', '1.20', '18.60'),
(46, 46, 'Paras', ' Il s’enfouit pour ronger des racines, mais ce sont les champignons sur son dos qui absorbent presque tous les nutriments.', '0.30', '5.40'),
(47, 47, 'Parasect', ' À force de voir son énergie aspirée, il semblerait que ce ne soit plus l’insecte qui réfléchisse, mais le champignon sur son dos.', '1.00', '29.50'),
(48, 48, 'Mimitoss', ' Son corps sécrète un poison redoutable. La nuit, il capture de petits Pokémon Insecte attirés par la lumière.', '1.00', '30.00'),
(49, 49, 'Aeromite', ' Ses ailes sont couvertes d’écailles poudreuses. À chaque battement d’ailes, il laisse tomber de la poudre hautement toxique.', '1.50', '12.50'),
(50, 50, 'Taupiqueur', ' Ce Pokémon vit un mètre sous terre et se nourrit de racines. Il apparaît parfois à la surface.', '0.20', '0.80'),
(51, 51, 'Triopikeur', ' Ses trois têtes pilonnent le sol pour le rendre friable et ainsi faciliter l’excavation.', '0.70', '33.30'),
(52, 52, 'Miaouss', ' Il passe ses journées à dormir. La nuit venue, il patrouille sur son territoire, les yeux brillants.', '0.40', '4.20'),
(53, 53, 'Persian', ' Sa magnifique fourrure suscite l’admiration, mais il est difficile à apprivoiser en raison de son caractère rétif.', '1.00', '32.00'),
(54, 54, 'Psykokwak', ' Ce Pokémon a tout le temps la migraine. Quand la douleur devient trop intense, il se met à utiliser des pouvoirs mystérieux.', '0.80', '19.60'),
(55, 55, 'Akwakwak', ' Quand il nage à vitesse maximale grâce à ses pattes palmées, son front se met à luire pour une raison inconnue.', '1.70', '76.60'),
(56, 56, 'Ferosinge', ' Il vit en groupe au sommet des arbres. S’il perd ses congénères de vue, la solitude le rend furieux.', '0.50', '28.00'),
(57, 57, 'Colossinge', ' Il devient fou furieux s’il se sent observé et pourchasse tout être qui croise son regard. ', '1.00', '32.00'),
(58, 58, 'Caninos', ' Courageux et fidèle, il se dresse vaillamment devant ses ennemis même s’ils sont plus puissants que lui.', '0.70', '19.00'),
(59, 59, 'Arcanin', ' Une vieille estampe montre que les êtres humains étaient fascinés par ses mouvements lorsqu’il courait dans les champs.', '1.90', '155.00'),
(60, 60, 'Ptitard', ' Il est plus à l’aise dans l’eau que sur la terre ferme. Le motif de spirale sur son ventre est en fait une partie de ses organes visibles à travers la peau.', '0.60', '12.40'),
(61, 61, 'Tetarte', ' Il suffit de fixer la spirale sur son ventre pour s’assoupir. On se sert parfois de lui à la place d’une berceuse pour endormir les enfants.', '1.00', '20.00'),
(62, 62, 'Tartard', ' Cette véritable montagne de muscles peut se frayer un chemin même dans les eaux glaciales en éclatant la banquise avec ses bras robustes.', '1.30', '54.00'),
(63, 63, 'Abra', ' Le contenu de ses rêves influe sur les pouvoirs psychiques qu’il utilise dans son sommeil.', '0.90', '19.50'),
(64, 64, 'Kadabra', ' Ses pouvoirs psychiques lui permettent de léviter en dormant. Il utilise alors sa queue très souple comme un oreiller.', '1.30', '56.50'),
(65, 65, 'Alakazam', ' Doué d’une intelligence hors du commun, ce Pokémon serait capable de conserver tous ses souvenirs, de sa naissance jusqu’à sa mort.', '1.50', '48.00'),
(66, 66, 'Machoc', ' Son corps est essentiellement composé de muscles. Même s’il fait la taille d’un petit enfant, il peut soulever 100 adultes avec ses bras.', '0.80', '19.50'),
(67, 67, 'Machopeur', ' Son corps est si puissant qu’il lui faut une ceinture pour maîtriser sa force.', '1.50', '70.50'),
(68, 68, 'Mackogneur', ' Il peut bouger ses quatre bras à grande vitesse et frapper du poing ou du tranchant de la main dans toutes les directions sans se fatiguer.', '1.60', '130.00'),
(69, 69, 'Chetiflor', ' Il préfère les endroits chauds et humides. Il capture les Pokémon Insecte avec ses lianes pour les dévorer.', '0.70', '4.00'),
(70, 70, 'Boustiflor', ' Quand il a faim, il avale tout ce qui bouge, puis achève ses proies avec de l’acide.', '1.00', '6.40'),
(71, 71, 'Empiflor', ' Il attire ses proies avec une odeur de miel et les avale tout entières. Il les digère en un jour seulement, les os y compris.', '1.70', '15.50'),
(72, 72, 'Tentacool', ' Peu doué pour la natation, ce Pokémon se contente de flotter à la surface des eaux peu profondes pour chasser ses proies.', '0.90', '45.50'),
(73, 73, 'Tentacruel', ' Il faut faire attention lorsque les globes rouges sur sa tête se mettent à briller intensément, car c’est qu’il s’apprête à émettre des ultrasons.', '1.60', '55.00'),
(74, 74, 'Racaillou', ' On en trouve près des sentiers de montagne. Si vous marchez dessus par inadvertance, ils s’énervent et attaquent.', '0.40', '20.00'),
(75, 75, 'Gravalanch', ' Il dévale les sentiers de montagne et traverse les obstacles en les pulvérisant.', '1.00', '105.00'),
(76, 76, 'Grolem', ' Juste après la mue, son corps est blanc et tendre. Au contact de l’air, sa peau se solidifie et forme une armure.', '1.40', '300.00'),
(77, 77, 'Ponyta', ' À la naissance, il ne court pas très vite. C’est en faisant la course avec ses camarades qu’il se muscle les jambes.', '1.00', '30.00'),
(78, 78, 'Galopa', ' Ce Pokémon traverse les plaines à plus de 240 km/h, sa crinière flamboyante flottant au vent. ', '1.70', '95.00'),
(79, 79, 'Ramoloss', ' Ramoloss semble toujours distrait, mais personne ne sait vraiment à quoi il pense. Il adore pêcher à l’aide de sa queue.', '1.20', '36.00'),
(80, 80, 'Flagadoss', ' Un jour, alors qu’un Ramoloss pêchait, un Kokiyas s’est accroché à sa queue et l’a fait évoluer en Flagadoss.', '1.60', '78.50'),
(81, 81, 'Magneti', ' Les ondes électromagnétiques émises par ses extrémités lui permettent de défier les lois de la gravité et de flotter.', '0.30', '6.00'),
(82, 82, 'Magneton', ' Le lien magnétique qui rattache ces trois Magnéti est si puissant qu’il fait mal aux oreilles si on s’en approche trop.', '1.00', '60.00'),
(83, 83, 'Canarticho', ' Il tranche ses adversaires avec sa tige, qu’il manie comme une épée. Quand la situation l’exige, il s’en nourrit.', '0.80', '15.00'),
(84, 84, 'Doduo', ' Ses petites ailes ne lui permettent pas de voler, mais grâce à ses puissantes pattes, il peut courir très rapidement.', '1.40', '39.20'),
(85, 85, 'Dodrio', ' Quand une des têtes de Doduo se divise, il devient un Dodrio capable de courir à 60 km/h.', '1.80', '85.20'),
(86, 86, 'Otaria', ' Il est à l’aise dans les endroits gelés. Il nage avec plaisir dans de l’eau à -10 ºC.', '1.10', '90.00'),
(87, 87, 'Lamantine', ' Son corps entier est aussi blanc que la neige. Il résiste bien au froid et peut même nager au milieu des icebergs.', '1.70', '120.00'),
(88, 88, 'Tadmorv', ' Torrent de boue devenu Pokémon, il vit dans les lieux les plus insalubres pour que le nombre de microbes qu’il héberge augmente.', '0.90', '30.00'),
(89, 89, 'Grotadmorv', ' Ce Pokémon est recouvert d’une épaisse couche de boue crasseuse. Il est si toxique que même ses traces de pas sont empoisonnées.', '1.20', '30.00'),
(90, 90, 'Kokiyas', ' Une coquille plus dure que le diamant le protège. Il est toutefois étonnamment tendre à l’intérieur.', '0.30', '4.00'),
(91, 91, 'Crustabri', ' Les Crustabri vivant dans des mers aux courants forts développent des dards particulièrement imposants et aiguisés sur leur coquille.', '1.50', '132.50'),
(92, 92, 'Fantominus', ' Il enveloppe ses proies dans le nuage de gaz que forme son corps et les empoisonne à travers leur peau afin de les affaiblir petit à petit. ', '1.30', '0.10'),
(93, 93, 'Spectrum', ' Il adore se tapir dans l’ombre et faire frissonner ses proies pour l’éternité en leur touchant l’épaule. ', '1.60', '0.10'),
(94, 94, 'Ectoplasma', ' Il se cache dans l’ombre de sa victime et attend patiemment le bon moment pour lui voler sa vie.', '1.50', '40.50'),
(95, 95, 'Onix', ' Il absorbe des éléments solides en creusant le sol, ce qui le rend plus robuste.', '8.80', '210.00'),
(96, 96, 'Soporifik', ' Ce Pokémon se souvient de tous les rêves qu’il a avalés. Il mange rarement les songes d’adultes, car ceux des enfants ont meilleur goût. ', '1.00', '32.40'),
(97, 97, 'Hypnomade', ' Lorsqu’il croise le regard de son adversaire, il utilise de nombreux pouvoirs surnaturels comme l’hypnose. ', '1.60', '75.60'),
(98, 98, 'Krabby', ' On trouve ce Pokémon près de la mer. Ses grosses pinces peuvent repousser si elles sont arrachées.', '0.40', '6.50'),
(99, 99, 'Krabboss', ' Sa grosse pince est dotée d’une puissance incommensurable. Sa taille imposante la rend toutefois difficile à utiliser. ', '1.30', '60.00'),
(100, 100, 'Voltorbe', ' Il se déplace en roulant. Si le sol est cabossé, les chocs le font exploser. ', '0.50', '10.40'),
(101, 101, 'Electrode', ' Plus il accumule de l’énergie de type Électrik, plus il est rapide. Mais il a aussi davantage de chances d’exploser. ', '1.20', '66.60'),
(102, 102, 'Noeunoeuf', ' Même s’il ressemble à un tas d’œufs, il s’agit bien d’un Pokémon. Il paraît qu’ils communiquent entre eux par télépathie. ', '0.40', '2.50'),
(103, 103, 'Noadkoko', ' Chacune de ses trois têtes pense de manière autonome. Elles ne semblent s’intéresser qu’à elles-mêmes. ', '2.00', '120.00'),
(104, 104, 'Osselait', ' Lorsqu’il repense à sa mère défunte, ses sanglots résonnent tristement sous le crâne qu’il porte sur la tête. ', '0.50', '6.50'),
(105, 105, 'Ossatueur', ' Il s’est endurci et a évolué depuis qu’il a réussi à surmonter sa peine. Il utilise son os en guise d’arme et affronte ses ennemis avec bravoure. ', '1.00', '45.00'),
(106, 106, 'Kicklee', ' Il possède un fantastique sens de l’équilibre, et peut donner des rafales de coups de pied dans toutes les positions. ', '1.50', '49.80'),
(107, 107, 'Tygnon', ' Ses poings fendent l’air. Ils sont si rapides qu’un simple frôlement peut causer une brûlure. ', '1.40', '50.20'),
(108, 108, 'Excelangue', ' Si sa salive gluante entre en contact avec la peau et qu’on ne l’essuie pas bien, elle provoque de terribles démangeaisons qui ne s’arrêtent jamais. ', '1.20', '65.50'),
(109, 109, 'Smogo', ' Son corps est gonflé de gaz toxique. Il se rend dans les décharges, attiré par l’odeur des déchets alimentaires en décomposition. ', '0.60', '1.00'),
(110, 110, 'Smogogo', ' Il mélange des gaz dans ses deux corps. On raconte qu’autrefois, on en voyait partout dans la région de Galar. ', '1.20', '9.50'),
(111, 111, 'Rhinocorne', ' Costaud, mais pas très intelligent, ce Pokémon est capable de détruire un immeuble entier en fonçant dessus. ', '1.00', '115.00'),
(112, 112, 'Rhinoferos', ' L’évolution a permis à ce Pokémon de marcher sur ses pattes postérieures. Il peut faire des trous dans les rochers en utilisant sa corne. ', '1.90', '120.00'),
(113, 113, 'Leveinard', ' Ce Pokémon très serviable distribue ses œufs hautement nutritifs aux êtres humains et aux Pokémon blessés. ', '1.10', '34.60'),
(114, 114, 'Saquedeneu', ' On ne sait toujours pas ce qui se cache sous ses lianes. Même si on les coupe, elles repoussent à l’infini. ', '1.00', '35.00'),
(115, 115, 'Kangourex', ' Porter son petit dans sa poche ventrale ne l’empêche pas d’avoir un bon jeu de jambes. Ses coups rapides intimident ses ennemis.', '2.20', '80.00'),
(116, 116, 'Hypotrempe', ' Il vit dans les mers calmes. Quand on l’attaque, il crache de l’encre noire et profite de la diversion pour s’enfuir.', '0.40', '8.00'),
(117, 117, 'Hypocean', ' Les mâles s’occupent des petits, et tant qu’ils en ont à élever, le venin contenu dans leurs épines dorsales devient beaucoup plus fort.', '1.20', '25.00'),
(118, 118, 'Poissirene', ' Ses nageoires dorsales, pectorales et caudales ondulent avec élégance. Il est surnommé le « danseur des flots ». ', '0.60', '15.00'),
(119, 119, 'Poissoroy', ' En automne, à la saison des amours, il fait des réserves de graisse et arbore des couleurs chatoyantes. ', '1.30', '39.00'),
(120, 120, 'Stari', ' Lorsqu’on se rend en bord de mer à la fin de l’été, on peut voir des groupes de Stari clignoter à un rythme régulier. ', '0.80', '34.50'),
(121, 121, 'Staross', ' S’il déchaîne son pouvoir psychique puissant, son organe appelé « cœur » se met à briller de sept couleurs. ', '1.10', '80.00'),
(122, 122, 'M. Mime', ' De nombreux savants pensent que ses mains se sont développées pour faire de la pantomime. ', '1.30', '54.50'),
(123, 123, 'Insecateur', ' Il fauche les herbes avec ses lames acérées. Ses mouvements sont si rapides qu’ils sont imperceptibles à l’œil nu. ', '1.50', '56.00'),
(124, 124, 'Lippoutou', ' Dans une certaine zone de Galar, Lippoutou était craint et vénéré par la population qui l’avait surnommé la « reine des glaces ». ', '1.40', '40.60'),
(125, 125, 'Elektek', ' De nombreuses centrales électriques gardent des Pokémon Sol à proximité afin d’empêcher les Élektek de leur voler de l’électricité.', '1.10', '30.00'),
(126, 126, 'Magmar', ' Il achève ses proies avec ses flammes, mais il lui arrive de les calciner accidentellement, à son plus grand regret.', '0.30', '44.50'),
(127, 127, 'Scarabrute', ' Ses cornes déterminent son rang au sein du groupe. Plus elles sont imposantes, plus les membres du sexe opposé l’apprécient.', '1.50', '55.00'),
(128, 128, 'Tauros', ' Une fois qu’il a pris une proie pour cible, il fonce droit dessus. Il est connu pour sa nature violente.', '1.40', '88.40'),
(129, 129, 'Magicarpe', ' Un Pokémon tout à fait pathétique. En de très rares occasions, il est capable de sauter haut, mais jamais à plus de deux mètres.', '0.90', '10.00'),
(130, 130, 'Leviator', ' Lorsqu’il apparaît, il saccage tout. Sa fureur ne se calme pas tant qu’il n’a pas tout détruit.', '6.50', '235.00'),
(131, 131, 'Lokhlass', ' C’est un Pokémon doux et intelligent. Il vogue sur la mer en émettant un chant magnifique.', '2.50', '220.00'),
(132, 132, 'Metamorph', ' Il excelle dans l’art de la métamorphose, mais si on le fait rire, il ne pourra rester déguisé.', '0.30', '4.00'),
(133, 133, 'Evoli', ' Ses multiples évolutions lui permettent de s’adapter à tout type de milieu naturel.', '0.30', '6.50'),
(134, 134, 'Aquali', ' Il vit au bord de l’eau. Sa queue semblable à celle d’un poisson lui donne l’apparence d’une sirène. ', '1.00', '29.00'),
(135, 135, 'Voltali', ' Il concentre la faible charge électrique générée par chacune de ses cellules pour projeter de puissants éclairs. ', '0.80', '24.50'),
(136, 136, 'Pyroli', ' Sa glande enflammée chauffe l’air qu’il inspire. Il l’exhale ensuite sous forme de flamme atteignant les 1 700 °C.', '0.90', '25.00'),
(137, 137, 'Porygon', ' C’est le premier Pokémon au monde à avoir été créé à partir de programmes informatiques, grâce à une technologie de pointe. ', '0.80', '36.50'),
(138, 138, 'Amonita', ' Ce Pokémon commence à poser problème, car certains spécimens se sont enfuis ou ont été relâchés après avoir été ressuscités. ', '0.40', '7.50'),
(139, 139, 'Amonistar', ' Il se serait éteint à cause de la taille et du poids importants de sa coquille, qui le ralentissait quand il chassait ses proies. ', '1.00', '35.00'),
(140, 140, 'Kabuto', ' Ce Pokémon au bord de l’extinction mue tous les trois jours et renforce ainsi davantage sa carapace. ', '0.50', '11.50'),
(141, 141, 'Kabutops', ' Il lacère sa proie pour boire ses fluides corporels, puis jette son corps en pâture à d’autres Pokémon. ', '1.30', '40.50'),
(142, 142, 'Ptera', ' On raconte qu’aujourd’hui encore, il est impossible de restaurer à la perfection ce Pokémon féroce de l’ère préhistorique. ', '1.80', '59.00'),
(143, 143, 'Ronflex', ' Ronflex n’est pas satisfait tant qu’il n’a pas avalé ses 400 kg de nourriture quotidienne. Dès qu’il a fini, il commence une sieste pour digérer. ', '2.10', '460.00'),
(144, 144, 'Artikodin', ' On raconte que ses belles plumes bleues sont faites de glace. Sa longue queue flotte au vent lorsqu’il vole au-dessus des monts enneigés. ', '1.70', '55.40'),
(145, 145, 'Electhor', ' On dit que ce Pokémon capable de contrôler la foudre installe son nid au creux des nuages d’orage noirs. ', '1.60', '52.60'),
(146, 146, 'Sulfura', ' Il s’agit d’un des Pokémon oiseaux légendaires. Des flammes rouges d’une grande beauté étincellent lorsqu’il bat des ailes. ', '2.00', '60.00'),
(147, 147, 'Minidraco', ' Ce Pokémon grandit en muant à répétition. Lors de ce processus, il s’abrite derrière une puissante cascade. ', '1.80', '3.30'),
(148, 148, 'Draco', ' On dit que lorsque tout son corps émet une aura, les conditions climatiques se mettent à changer à vue d’œil. ', '4.00', '16.50'),
(149, 149, 'Dracolosse', ' On dit qu’il existe une île quelque part dans l’océan où ces Pokémon se réunissent pour vivre paisiblement. ', '2.20', '210.00'),
(150, 150, 'Mewtwo', ' Son ADN est presque le même que celui de Mew, mais sa taille et son caractère sont très différents. ', '2.00', '122.00'),
(151, 151, 'Mew', ' À l’aide d’un microscope, on peut distinguer le pelage extrêmement court, fin et délicat de ce Pokémon. ', '0.40', '4.00');

-- --------------------------------------------------------

--
-- Table structure for table `type`
--

CREATE TABLE `type` (
  `id_type` int(11) NOT NULL,
  `libelle` varchar(20) NOT NULL
) ENGINE=InnoDB DEFAULT CHARSET=utf8;

--
-- Dumping data for table `type`
--

INSERT INTO `type` (`id_type`, `libelle`) VALUES
(1, 'Combat'),
(2, 'Dragon'),
(3, 'Eau'),
(4, 'Electrique'),
(5, 'Feu'),
(6, 'Glace'),
(7, 'Insecte'),
(8, 'Normal'),
(9, 'Plante'),
(10, 'Poison'),
(11, 'Psy'),
(12, 'Roche'),
(13, 'Sol'),
(14, 'Spectre'),
(15, 'Vol'),
(16, 'Ténèbres'),
(17, 'Fée');

--
-- Indexes for dumped tables
--

--
-- Indexes for table `capacite`
--
ALTER TABLE `capacite`
  ADD PRIMARY KEY (`id_capacite`),
  ADD KEY `id_type` (`id_type`);

--
-- Indexes for table `dresseur`
--
ALTER TABLE `dresseur`
  ADD PRIMARY KEY (`id_dresseur`);

--
-- Indexes for table `esttype`
--
ALTER TABLE `esttype`
  ADD PRIMARY KEY (`id_pokemon`,`id_type`),
  ADD KEY `id_type` (`id_type`);

--
-- Indexes for table `evolue`
--
ALTER TABLE `evolue`
  ADD PRIMARY KEY (`id_pokemon_base`,`id_pokemon_evolue`),
  ADD KEY `id_pokemon_evolue` (`id_pokemon_evolue`);

--
-- Indexes for table `image`
--
ALTER TABLE `image`
  ADD PRIMARY KEY (`id_image`),
  ADD KEY `id_pokemon` (`id_pokemon`);

--
-- Indexes for table `lance`
--
ALTER TABLE `lance`
  ADD PRIMARY KEY (`id_pokemon`,`id_capacite`),
  ADD KEY `id_capacite` (`id_capacite`);

--
-- Indexes for table `pokedex`
--
ALTER TABLE `pokedex`
  ADD PRIMARY KEY (`id_dresseur`,`id_pokemon`),
  ADD KEY `pokedex_ibfk_1` (`id_pokemon`);

--
-- Indexes for table `pokemon`
--
ALTER TABLE `pokemon`
  ADD PRIMARY KEY (`id_pokemon`),
  ADD UNIQUE KEY `numero` (`numero`);

--
-- Indexes for table `type`
--
ALTER TABLE `type`
  ADD PRIMARY KEY (`id_type`);

--
-- AUTO_INCREMENT for dumped tables
--

--
-- AUTO_INCREMENT for table `capacite`
--
ALTER TABLE `capacite`
  MODIFY `id_capacite` int(11) NOT NULL AUTO_INCREMENT, AUTO_INCREMENT=166;

--
-- AUTO_INCREMENT for table `dresseur`
--
ALTER TABLE `dresseur`
  MODIFY `id_dresseur` int(11) NOT NULL AUTO_INCREMENT, AUTO_INCREMENT=5;

--
-- AUTO_INCREMENT for table `image`
--
ALTER TABLE `image`
  MODIFY `id_image` int(11) NOT NULL AUTO_INCREMENT, AUTO_INCREMENT=605;

--
-- AUTO_INCREMENT for table `pokemon`
--
ALTER TABLE `pokemon`
  MODIFY `id_pokemon` int(11) NOT NULL AUTO_INCREMENT, AUTO_INCREMENT=152;

--
-- AUTO_INCREMENT for table `type`
--
ALTER TABLE `type`
  MODIFY `id_type` int(11) NOT NULL AUTO_INCREMENT, AUTO_INCREMENT=16;

--
-- Constraints for dumped tables
--

--
-- Constraints for table `capacite`
--
ALTER TABLE `capacite`
  ADD CONSTRAINT `capacite_ibfk_1` FOREIGN KEY (`id_type`) REFERENCES `type` (`id_type`);

--
-- Constraints for table `esttype`
--
ALTER TABLE `esttype`
  ADD CONSTRAINT `esttype_ibfk_1` FOREIGN KEY (`id_pokemon`) REFERENCES `pokemon` (`id_pokemon`),
  ADD CONSTRAINT `esttype_ibfk_2` FOREIGN KEY (`id_type`) REFERENCES `type` (`id_type`);

--
-- Constraints for table `evolue`
--
ALTER TABLE `evolue`
  ADD CONSTRAINT `evolue_ibfk_1` FOREIGN KEY (`id_pokemon_base`) REFERENCES `pokemon` (`id_pokemon`),
  ADD CONSTRAINT `evolue_ibfk_2` FOREIGN KEY (`id_pokemon_evolue`) REFERENCES `pokemon` (`id_pokemon`);

--
-- Constraints for table `image`
--
ALTER TABLE `image`
  ADD CONSTRAINT `image_ibfk_1` FOREIGN KEY (`id_pokemon`) REFERENCES `pokemon` (`id_pokemon`);

--
-- Constraints for table `lance`
--
ALTER TABLE `lance`
  ADD CONSTRAINT `lance_ibfk_1` FOREIGN KEY (`id_pokemon`) REFERENCES `pokemon` (`id_pokemon`),
  ADD CONSTRAINT `lance_ibfk_2` FOREIGN KEY (`id_capacite`) REFERENCES `capacite` (`id_capacite`);

--
-- Constraints for table `pokedex`
--
ALTER TABLE `pokedex`
  ADD CONSTRAINT `pokedex_ibfk_1` FOREIGN KEY (`id_pokemon`) REFERENCES `pokemon` (`id_pokemon`),
  ADD CONSTRAINT `pokedex_ibfk_2` FOREIGN KEY (`id_dresseur`) REFERENCES `dresseur` (`id_dresseur`);
COMMIT;

/*!40101 SET CHARACTER_SET_CLIENT=@OLD_CHARACTER_SET_CLIENT */;
/*!40101 SET CHARACTER_SET_RESULTS=@OLD_CHARACTER_SET_RESULTS */;
/*!40101 SET COLLATION_CONNECTION=@OLD_COLLATION_CONNECTION */;
